# AmpliSeq_Version=2.01,,,,,,,,,,,,,
# Genome=hg19,,,,,,,,,,,,,
# Workflow=DNA,,,,,,,,,,,,,
# Total_Amplicons=127,,,,,,,,,,,,,
# Num_Pools=2,,,,,,,,,,,,,
# Pool1=64_amplicons,,,,,,,,,,,,,
# Pool2=63_amplicons,,,,,,,,,,,,,
# * primer sequences are manufactured specifically for use with the Ion AmpliSeq Kits and contain proprietary modifications.,,,,,,,,,,,,,
,,,,,,,,,,,,,
384Well_PlateID,384Well_Row,384Well_Col,Amplicon_ID,Ion_AmpliSeq_Fwd_Primer*,Ion_AmpliSeq_Rev_Primer*,LineItem_Type,Gene_Symbol,Genome_Version,Chr,Amplicon_Start,Insert_Start,Insert_Stop,Amplicon_Stop
IAD39777_1_A,A,1,AMPL467096662,GCAATGTGAAAATGTTTACTCACCAACA,TGAGTATCGCACATTCACTGTCATAC,GENOME_REGION,CFTR exon 19,hg19,chr7,117250525,117250553,117250723,117250749
IAD39777_1_A,A,2,Blank,,,,,,,,,,
IAD39777_1_A,A,3,AMPL467500449,TATCTGATTCTATTTGCTAATTCTTATTTGGGT,GCAGAAGGTCATCCAAAATTGCTATATC,GENOME_REGION,CFTR exon 18,hg19,chr7,117246594,117246627,117246753,117246781
IAD39777_1_A,A,4,Blank,,,,,,,,,,
IAD39777_1_A,A,5,AMPL467561353,CTTTGCAAGTGGCACTCCTC,GCATAGAGCAGTCCTGGTTTTACTAAA,GENOME_REGION,CFTR exon 6,hg19,chr7,117175336,117175356,117175523,117175550
IAD39777_1_A,A,6,Blank,,,,,,,,,,
IAD39777_1_A,A,7,AMPL468021362,TTCATTGAAAAGCCCGACAAATAACC,CTTCTGTTGGCATGTCAATGAACT,GENOME_REGION,CFTR exon 22,hg19,chr7,117267437,117267463,117267600,117267624
IAD39777_1_A,A,8,Blank,,,,,,,,,,
IAD39777_1_A,A,9,AMPL468091028,CACTAGATGACCAGGAAATAGAGAGGAA,CAATCTATGATGGGACAGTCTGTCT,GENOME_REGION,CFTR exon 13,hg19,chr7,117230350,117230378,117230543,117230568
IAD39777_1_A,A,10,Blank,,,,,,,,,,
IAD39777_1_A,A,11,AMPL468748906,GCTGTCAAGCCGTGTTCTAGATAAAATA,ACTCCGCCTTTCCAGTTGTATAATTT,GENOME_REGION,CFTR exon 5,hg19,chr7,117174338,117174366,117174460,117174486
IAD39777_1_A,A,12,Blank,,,,,,,,,,
IAD39777_1_A,A,13,AMPL468874944,CAGTGAAAGACTTGTGATTACCTCAGAAA,GAGGTGGAAGTCTACCATGATAAACAT,GENOME_REGION,CFTR exon 7,hg19,chr7,117176623,117176652,117176786,117176813
IAD39777_1_A,A,14,Blank,,,,,,,,,,
IAD39777_1_A,A,15,AMPL468922661,CCTGTCTCCTGGACAGAAACAAAA,TCCCTGCTCAGAATCTGGTACT,GENOME_REGION,CFTR exon 14,hg19,chr7,117232247,117232271,117232434,117232456
IAD39777_1_A,A,16,Blank,,,,,,,,,,
IAD39777_1_A,A,17,AMPL469294494,TTGATGGTAAGTACATGGGTGTTTCTT,TCTGCAACTTTCCATATTTCTTGATCACT,GENOME_REGION,CFTR exon 24,hg19,chr7,117292762,117292789,117292952,117292981
IAD39777_1_A,A,18,Blank,,,,,,,,,,
IAD39777_1_A,A,19,AMPL469324749,GCTTCCTATGACCCGGATAACAA,GTACGATACAGAATATATGTGCCATGGG,GENOME_REGION,CFTR exon 4,hg19,chr7,117170998,117171021,117171189,117171217
IAD39777_1_A,A,20,Blank,,,,,,,,,,
IAD39777_1_A,A,21,AMPL477617595,GCAAGGTAGTTCTTTTGTTCTTCACT,AAACTAGAGTAAATTATCAGTGGAACAATTTCT,GENOME_REGION,CFTR exon 10,hg19,chr7,117188873,117188899,117189021,117189054
IAD39777_1_A,A,22,Blank,,,,,,,,,,
IAD39777_1_A,A,23,AMPL493118173,GCCAGCGTTGTCTCCAAACT,AAAACTGCTTATTCCTTTACCCCAA,GENOME_REGION,CFTR exon 1,hg19,chr7,117120173,117120193,117120274,117120299
IAD39777_1_A,A,24,Blank,,,,,,,,,,
IAD39777_1_A,B,1,Blank,,,,,,,,,,
IAD39777_1_A,B,2,Blank,,,,,,,,,,
IAD39777_1_A,B,3,Blank,,,,,,,,,,
IAD39777_1_A,B,4,Blank,,,,,,,,,,
IAD39777_1_A,B,5,Blank,,,,,,,,,,
IAD39777_1_A,B,6,Blank,,,,,,,,,,
IAD39777_1_A,B,7,Blank,,,,,,,,,,
IAD39777_1_A,B,8,Blank,,,,,,,,,,
IAD39777_1_A,B,9,Blank,,,,,,,,,,
IAD39777_1_A,B,10,Blank,,,,,,,,,,
IAD39777_1_A,B,11,Blank,,,,,,,,,,
IAD39777_1_A,B,12,Blank,,,,,,,,,,
IAD39777_1_A,B,13,Blank,,,,,,,,,,
IAD39777_1_A,B,14,Blank,,,,,,,,,,
IAD39777_1_A,B,15,Blank,,,,,,,,,,
IAD39777_1_A,B,16,Blank,,,,,,,,,,
IAD39777_1_A,B,17,Blank,,,,,,,,,,
IAD39777_1_A,B,18,Blank,,,,,,,,,,
IAD39777_1_A,B,19,Blank,,,,,,,,,,
IAD39777_1_A,B,20,Blank,,,,,,,,,,
IAD39777_1_A,B,21,Blank,,,,,,,,,,
IAD39777_1_A,B,22,Blank,,,,,,,,,,
IAD39777_1_A,B,23,Blank,,,,,,,,,,
IAD39777_1_A,B,24,Blank,,,,,,,,,,
IAD39777_1_A,C,1,AMPL556186951,GAAAAGAACATGGAAGTTTGCTACGAC,AGGAATGAATTGCTAAACTGTGGAAAAT,GENOME_REGION,PAH exon 2,hg19,chr12,103306509,103306536,103306705,103306733
IAD39777_1_A,C,2,Blank,,,,,,,,,,
IAD39777_1_A,C,3,AMPL556199792,CTGGTAACTATGGATTTCCCCTCTTAC,GAGGCCCATGCATCAACAAC,GENOME_REGION,GALT,hg19,chr9,34647700,34647727,34647898,34647918
IAD39777_1_A,C,4,Blank,,,,,,,,,,
IAD39777_1_A,C,5,AMPL556343103,TGGTCAGGAGGGAGTTGACTT,GCATATTTCCTCTGTCCCATCCATTA,GENOME_REGION,GALT,hg19,chr9,34648049,34648070,34648240,34648266
IAD39777_1_A,C,6,Blank,,,,,,,,,,
IAD39777_1_A,C,7,AMPL556350401,CTCATTGTGCCTGGCAACTG,TCAGTGGTGATGAGCTTTGAGTTT,GENOME_REGION,PAH exon 7,hg19,chr12,103246551,103246571,103246749,103246773
IAD39777_1_A,C,8,Blank,,,,,,,,,,
IAD39777_1_A,C,9,AMPL612959905,TCTTCAGTGGATTAAGCGTGAATATGTT,ACACTCAGAACCCATCATAGGATACA,GENOME_REGION,"CFTR intron 3 (del2,3)",hg19,chr7,117159305,117159333,117159503,117159529
IAD39777_1_A,C,10,Blank,,,,,,,,,,
IAD39777_1_A,C,11,AMPL623762017,TTTGCCCCTTGACAGGTATGG,TTTACACACCTCTCTCATGGGATAAGA,GENOME_REGION,GALT,hg19,chr9,34648316,34648337,34648497,34648524
IAD39777_1_A,C,12,Blank,,,,,,,,,,
IAD39777_1_A,C,13,AMPL647810578,GATCATTACTGTTCTGTGATATTATGTGTGGT,AAAAATTGTTGGCATTCCAGCAT,GENOME_REGION,CFTR exon 26,hg19,chr7,117305463,117305495,117305594,117305617
IAD39777_1_A,C,14,Blank,,,,,,,,,,
IAD39777_1_A,C,15,AMPL658674329,TGGAAGCCACAGTACTTTTCAAGAA,CCTGCTTGAGACACCTATTTTGTG,GENOME_REGION,PAH exon 6,hg19,chr12,103248961,103248986,103249122,103249146
IAD39777_1_A,C,16,Blank,,,,,,,,,,
IAD39777_1_A,C,17,AMPL659377496,GGAGTAGGAAAGTTTCAAAGACCTGA,CAAGTACTAGGTTGGTTCTGTGGTT,GENOME_REGION,PAH exon 9,hg19,chr12,103240595,103240621,103240773,103240798
IAD39777_1_A,C,18,Blank,,,,,,,,,,
IAD39777_1_A,C,19,AMPL659794021,GCTTTTCGGACTTTTTCTGATGAAAGAA,TGAGGACACTTGAAGAGTTTTTGCTTAT,GENOME_REGION,PAH exon 13,hg19,chr12,103232868,103232896,103233035,103233063
IAD39777_1_A,C,20,Blank,,,,,,,,,,
IAD39777_1_A,C,21,AMPL661534109,AGTGAACAAGTACATTGCTCCAAGT,GACAGATTTGCCAATCAGATTCTCAG,GENOME_REGION,PAH exon 4,hg19,chr12,103271140,103271165,103271270,103271296
IAD39777_1_A,C,22,Blank,,,,,,,,,,
IAD39777_1_A,C,23,AMPL663072267,GGTGGAGAACATGGGAGAGAAA,GAAAGTAAGGTGAGGTGGTGACA,GENOME_REGION,PAH exon 11,hg19,chr12,103237280,103237302,103237409,103237432
IAD39777_1_A,C,24,Blank,,,,,,,,,,
IAD39777_1_A,D,1,Blank,,,,,,,,,,
IAD39777_1_A,D,2,Blank,,,,,,,,,,
IAD39777_1_A,D,3,Blank,,,,,,,,,,
IAD39777_1_A,D,4,Blank,,,,,,,,,,
IAD39777_1_A,D,5,Blank,,,,,,,,,,
IAD39777_1_A,D,6,Blank,,,,,,,,,,
IAD39777_1_A,D,7,Blank,,,,,,,,,,
IAD39777_1_A,D,8,Blank,,,,,,,,,,
IAD39777_1_A,D,9,Blank,,,,,,,,,,
IAD39777_1_A,D,10,Blank,,,,,,,,,,
IAD39777_1_A,D,11,Blank,,,,,,,,,,
IAD39777_1_A,D,12,Blank,,,,,,,,,,
IAD39777_1_A,D,13,Blank,,,,,,,,,,
IAD39777_1_A,D,14,Blank,,,,,,,,,,
IAD39777_1_A,D,15,Blank,,,,,,,,,,
IAD39777_1_A,D,16,Blank,,,,,,,,,,
IAD39777_1_A,D,17,Blank,,,,,,,,,,
IAD39777_1_A,D,18,Blank,,,,,,,,,,
IAD39777_1_A,D,19,Blank,,,,,,,,,,
IAD39777_1_A,D,20,Blank,,,,,,,,,,
IAD39777_1_A,D,21,Blank,,,,,,,,,,
IAD39777_1_A,D,22,Blank,,,,,,,,,,
IAD39777_1_A,D,23,Blank,,,,,,,,,,
IAD39777_1_A,D,24,Blank,,,,,,,,,,
IAD39777_1_A,E,1,AMPL712468205,CCCAGGGTTCACAGCTGTTC,GCGTTGCTGAGGATCGGTTC,GENOME_REGION,GALT,hg19,chr9,34646523,34646543,34646714,34646734
IAD39777_1_A,E,2,Blank,,,,,,,,,,
IAD39777_1_A,E,3,AMPL807051270,GAAGGTTGGAACGCTCATCC,GGGCAGACAGTCAAGATCAGT,GENOME_REGION,GALT,hg19,chr9,34646861,34646881,34647060,34647081
IAD39777_1_A,E,4,Blank,,,,,,,,,,
IAD39777_1_A,E,5,AMPL811140534,GCTAATGTATTTCTAAGGCAGTGAGAGG,ACATTTATGATGCAGCAGATGTTGACTA,GENOME_REGION,PAH exon 13,hg19,chr12,103232035,103232063,103232227,103232255
IAD39777_1_A,E,6,Blank,,,,,,,,,,
IAD39777_1_A,E,7,AMPL811143696,CTTGAATGAAGCAGGTCCCAAATTTTA,CAGCCTTAAATCCTTTACAAGATGGAGA,GENOME_REGION,PAH exon 13,hg19,chr12,103232635,103232662,103232820,103232848
IAD39777_1_A,E,8,Blank,,,,,,,,,,
IAD39777_1_A,E,9,AMPL811679394,CAAGCCCCGTCGATTAGACA,GCTTAGAGGTTAACAGAAGGGAAAACAA,GENOME_REGION,PAH exon 1,hg19,chr12,103311242,103311262,103311417,103311445
IAD39777_1_A,E,10,Blank,,,,,,,,,,
IAD39777_1_A,E,11,AMPL812518150,GGAGTGAGGTCTCTGGCTTT,CCTCCTGCGTCAGGACAAC,GENOME_REGION,PAH exon 1,hg19,chr12,103310921,103310941,103311077,103311096
IAD39777_1_A,E,12,Blank,,,,,,,,,,
IAD39777_1_A,E,13,AMPL868016102,TCTATCTGTAAAACCCACAGCCATCA,ACCTTCACAGGAACCAAGGATAGAT,GENOME_REGION,PAH exon 10,hg19,chr12,103237929,103237955,103238083,103238108
IAD39777_1_A,E,14,Blank,,,,,,,,,,
IAD39777_1_A,E,15,AMPL1090131405,GGCTGAGTGTTTGGTGTTGTATG,GCCGAAGGGCATTAATGAGTTT,GENOME_REGION,CFTR exon 3,hg19,chr7,117148923,117148946,117149124,117149146
IAD39777_1_A,E,16,Blank,,,,,,,,,,
IAD39777_1_A,E,17,AMPL1091210890,GTGACATACCTGATTGTTCAAAATGCAA,GGAAGAGGCTCCTCTCGTTCA,GENOME_REGION,CFTR exon 27,hg19,chr7,117306817,117306845,117307010,117307031
IAD39777_1_A,E,18,Blank,,,,,,,,,,
IAD39777_1_A,E,19,AMPL1314131500,TCAGTAAGTAACTTTGGCTGCCAAAT,GTCGGCTACTCCCACGTAAA,GENOME_REGION,CFTR exon 17,hg19,chr7,117243536,117243562,117243680,117243700
IAD39777_1_A,E,20,Blank,,,,,,,,,,
IAD39777_1_A,E,21,AMPL1316862546,TTTCCATATGCCAGAAAAGTTGAATAGT,CAGAAGGGATTTGGTATATGTCTGACAA,GENOME_REGION,CFTR exon 2,hg19,chr7,117144213,117144241,117144352,117144380
IAD39777_1_A,E,22,Blank,,,,,,,,,,
IAD39777_1_A,E,23,AMPL1350926835,TTGAGCTGTCAAGGTTGTAAATAGACTT,CAAGCTTCCCAGGAAACTGTTCT,GENOME_REGION,CFTR exon 25,hg19,chr7,117304561,117304589,117304761,117304784
IAD39777_1_A,E,24,Blank,,,,,,,,,,
IAD39777_1_A,F,1,Blank,,,,,,,,,,
IAD39777_1_A,F,2,Blank,,,,,,,,,,
IAD39777_1_A,F,3,Blank,,,,,,,,,,
IAD39777_1_A,F,4,Blank,,,,,,,,,,
IAD39777_1_A,F,5,Blank,,,,,,,,,,
IAD39777_1_A,F,6,Blank,,,,,,,,,,
IAD39777_1_A,F,7,Blank,,,,,,,,,,
IAD39777_1_A,F,8,Blank,,,,,,,,,,
IAD39777_1_A,F,9,Blank,,,,,,,,,,
IAD39777_1_A,F,10,Blank,,,,,,,,,,
IAD39777_1_A,F,11,Blank,,,,,,,,,,
IAD39777_1_A,F,12,Blank,,,,,,,,,,
IAD39777_1_A,F,13,Blank,,,,,,,,,,
IAD39777_1_A,F,14,Blank,,,,,,,,,,
IAD39777_1_A,F,15,Blank,,,,,,,,,,
IAD39777_1_A,F,16,Blank,,,,,,,,,,
IAD39777_1_A,F,17,Blank,,,,,,,,,,
IAD39777_1_A,F,18,Blank,,,,,,,,,,
IAD39777_1_A,F,19,Blank,,,,,,,,,,
IAD39777_1_A,F,20,Blank,,,,,,,,,,
IAD39777_1_A,F,21,Blank,,,,,,,,,,
IAD39777_1_A,F,22,Blank,,,,,,,,,,
IAD39777_1_A,F,23,Blank,,,,,,,,,,
IAD39777_1_A,F,24,Blank,,,,,,,,,,
IAD39777_1_A,G,1,AMPL1350926836,AATGGCCAACTCTCGAAAGTTATGATTA,GTCTAACAAAGCAAGCAGTGTTCAAA,GENOME_REGION,CFTR exon 22,hg19,chr7,117267657,117267685,117267830,117267856
IAD39777_1_A,G,2,Blank,,,,,,,,,,
IAD39777_1_A,G,3,AMPL1371818357,ACTGCAACCTCAAAGGAGCAA,CCCTTTTACAGTTATCCAGGTTAGCAC,GENOME_REGION,GALT,hg19,chr9,34649148,34649169,34649344,34649371
IAD39777_1_A,G,4,Blank,,,,,,,,,,
IAD39777_1_A,G,5,AMPL1380948435,GTGCGTAGTGGGTGGAGAAA,GACCTACTACTCTGGGTGCCT,GENOME_REGION,CFTR exon 1,hg19,chr7,117119880,117119900,117120067,117120088
IAD39777_1_A,G,6,Blank,,,,,,,,,,
IAD39777_1_A,G,7,AMPL1486309394,ACACACATGAAGTCCAAGCATTTAGAT,AACAGAAGCATATAAAACTAATTCATGATTGGT,GENOME_REGION,CFTR exon 27,hg19,chr7,117308101,117308128,117308217,117308250
IAD39777_1_A,G,8,Blank,,,,,,,,,,
IAD39777_1_A,G,9,AMPL1488881666,GCAGTCTGTCCTGAACCTGAT,GTGAAATACCCCCAAGCGATG,GENOME_REGION,CFTR exon 14,hg19,chr7,117232519,117232540,117232720,117232741
IAD39777_1_A,G,10,Blank,,,,,,,,,,
IAD39777_1_A,G,11,AMPL1489330457,AGGAGTCCAATTTTCACTCATCTTGT,AGGTAACAGCAATGAAGAAGATGACAAA,GENOME_REGION,CFTR exon 20,hg19,chr7,117251637,117251663,117251813,117251841
IAD39777_1_A,G,12,Blank,,,,,,,,,,
IAD39777_1_A,G,13,AMPL1496130655,AGTACGATAGCACCTTCCTGTTTG,ACTGGGTCCTGAGGTAAAGGAG,GENOME_REGION,GALT,hg19,chr9,34647499,34647523,34647639,34647661
IAD39777_1_A,G,14,Blank,,,,,,,,,,
IAD39777_1_A,G,15,AMPL2782134136,ACTAAGGGCACTTCCTGAGGTT,GCTTAATTCAGCAAGACTGTTGAAAACA,GENOME_REGION,GALT,hg19,chr9,34650377,34650399,34650478,34650506
IAD39777_1_A,G,16,Blank,,,,,,,,,,
IAD39777_1_A,G,17,AMPL3539368019,GCAGTGACTACATGGAACACAT,TGTATACATCCCCAAACTATCTTAATTTAACTT,GENOME_REGION,CFTR exon 15,hg19,chr7,117235017,117235039,117235148,117235181
IAD39777_1_A,G,18,Blank,,,,,,,,,,
IAD39777_1_A,G,19,AMPL3608012462,TGTGATATGTGCCCTAGGAGAAGT,GGCTAAAGTCAGGATAATACCAACTCTT,GENOME_REGION,CFTR exon 21,hg19,chr7,117254575,117254599,117254679,117254707
IAD39777_1_A,G,20,Blank,,,,,,,,,,
IAD39777_1_A,G,21,AMPL3662352593,CCTGAGCGTGATTTGATAATGACCTA,TCCAGGAAAACTGAGAACAGAATGAAATT,GENOME_REGION,CFTR exon 11,hg19,chr7,117199469,117199495,117199585,117199614
IAD39777_1_A,G,22,Blank,,,,,,,,,,
IAD39777_1_A,G,23,AMPL3662358230,ATGTTTTTATATCTTAAAGCTGTGTCTGTAAAC,TGGCTGTAGATTTTGGAGTTCTGAAA,GENOME_REGION,CFTR exon 14,hg19,chr7,117231969,117232002,117232109,117232135
IAD39777_1_A,G,24,Blank,,,,,,,,,,
IAD39777_1_A,H,1,Blank,,,,,,,,,,
IAD39777_1_A,H,2,Blank,,,,,,,,,,
IAD39777_1_A,H,3,Blank,,,,,,,,,,
IAD39777_1_A,H,4,Blank,,,,,,,,,,
IAD39777_1_A,H,5,Blank,,,,,,,,,,
IAD39777_1_A,H,6,Blank,,,,,,,,,,
IAD39777_1_A,H,7,Blank,,,,,,,,,,
IAD39777_1_A,H,8,Blank,,,,,,,,,,
IAD39777_1_A,H,9,Blank,,,,,,,,,,
IAD39777_1_A,H,10,Blank,,,,,,,,,,
IAD39777_1_A,H,11,Blank,,,,,,,,,,
IAD39777_1_A,H,12,Blank,,,,,,,,,,
IAD39777_1_A,H,13,Blank,,,,,,,,,,
IAD39777_1_A,H,14,Blank,,,,,,,,,,
IAD39777_1_A,H,15,Blank,,,,,,,,,,
IAD39777_1_A,H,16,Blank,,,,,,,,,,
IAD39777_1_A,H,17,Blank,,,,,,,,,,
IAD39777_1_A,H,18,Blank,,,,,,,,,,
IAD39777_1_A,H,19,Blank,,,,,,,,,,
IAD39777_1_A,H,20,Blank,,,,,,,,,,
IAD39777_1_A,H,21,Blank,,,,,,,,,,
IAD39777_1_A,H,22,Blank,,,,,,,,,,
IAD39777_1_A,H,23,Blank,,,,,,,,,,
IAD39777_1_A,H,24,Blank,,,,,,,,,,
IAD39777_1_A,I,1,AMPL3662363979,CAGGGTTCTTTGTGGTGTTTTTATCTG,TGCTCCAAGAGAGTCATACCATGT,GENOME_REGION,CFTR exon 8,hg19,chr7,117180222,117180249,117180361,117180385
IAD39777_1_A,I,2,Blank,,,,,,,,,,
IAD39777_1_A,I,3,AMPL3687801190,AGGAAGATGTGCCTTTCAAATTCAGA,TTTTACATGAATGACATTTACAGCAAATGCT,GENOME_REGION,CFTR exon 12,hg19,chr7,117227720,117227746,117227913,117227944
IAD39777_1_A,I,4,Blank,,,,,,,,,,
IAD39777_1_A,I,5,AMPL3687804467,CTGAATTATGTTTATGGCATGGTACCT,CACTGTTGCAAAGTTATTGAATCCCA,GENOME_REGION,CFTR exon 23,hg19,chr7,117282426,117282453,117282593,117282619
IAD39777_1_A,I,6,Blank,,,,,,,,,,
IAD39777_1_A,I,7,AMPL3699214840,ATGTATATTGCTGTTATTTTATGAAGACAGTGT,CCTGCTCTGACAAACATCATCAAGAT,GENOME_REGION,PAH exon 3,hg19,chr12,103288443,103288476,103288574,103288600
IAD39777_1_A,I,8,Blank,,,,,,,,,,
IAD39777_1_A,I,9,AMPL3699300740,AGTTCAATGCTTGTAACTATTTTAATGGGC,AGGCTAAATGTAAAACACAAGACTGTCA,GENOME_REGION,PAH exon 13,hg19,chr12,103232412,103232442,103232565,103232593
IAD39777_1_A,I,10,Blank,,,,,,,,,,
IAD39777_1_A,I,11,AMPL3755398942,TGTAGCACAATGAGAGTATAAAGTAGATGTAAT,GAAGGCTGTTACATTCTCCATCACTA,GENOME_REGION,CFTR exon 9,hg19,chr7,117181981,117182014,117182127,117182153
IAD39777_1_A,I,12,Blank,,,,,,,,,,
IAD39777_1_A,I,13,AMPL3848818879,CACATTCTTTTCTTCTGCTTCCCTTG,TGTCTGGTAGGGCCATGTTG,GENOME_REGION,GALT,hg19,chr9,34648665,34648691,34648810,34648830
IAD39777_1_A,I,14,Blank,,,,,,,,,,
IAD39777_1_A,I,15,AMPL3848826648,CCCCAGCTTCTGAAGACAGTG,GGTGGGATATGACCCAGAAGGA,GENOME_REGION,GALT,hg19,chr9,34647178,34647199,34647344,34647366
IAD39777_1_A,I,16,Blank,,,,,,,,,,
IAD39777_1_A,I,17,AMPL3848835912,CCATAACAACCTGGGCATTCCTT,CGGCCGATGGTATGGAGT,GENOME_REGION,GALT,hg19,chr9,34649795,34649818,34649982,34650000
IAD39777_1_A,I,18,Blank,,,,,,,,,,
IAD39777_1_A,I,19,AMPL3848843653,CTAGGCACTGGATGGAGGTTG,AAAGAGGTTGTCATACTTGGTCAAGAG,GENOME_REGION,GALT,hg19,chr9,34648919,34648940,34649017,34649044
IAD39777_1_A,I,20,Blank,,,,,,,,,,
IAD39777_1_A,I,21,AMPL3848851241,CACCTTTTGGTCTGGAGGGAAG,GTACCCTTGATGGAAACAGTCAGA,GENOME_REGION,CFTR exon 27,hg19,chr7,117308481,117308503,117308594,117308618
IAD39777_1_A,I,22,Blank,,,,,,,,,,
IAD39777_1_A,I,23,AMPL3848864558,CTTTAGAGAGCAGCATAAATGTTGACA,TCACACAATTTGACTATTGCCAGGAA,GENOME_REGION,CFTR exon 27,hg19,chr7,117307157,117307184,117307354,117307380
IAD39777_1_A,I,24,Blank,,,,,,,,,,
IAD39777_1_A,J,1,Blank,,,,,,,,,,
IAD39777_1_A,J,2,Blank,,,,,,,,,,
IAD39777_1_A,J,3,Blank,,,,,,,,,,
IAD39777_1_A,J,4,Blank,,,,,,,,,,
IAD39777_1_A,J,5,Blank,,,,,,,,,,
IAD39777_1_A,J,6,Blank,,,,,,,,,,
IAD39777_1_A,J,7,Blank,,,,,,,,,,
IAD39777_1_A,J,8,Blank,,,,,,,,,,
IAD39777_1_A,J,9,Blank,,,,,,,,,,
IAD39777_1_A,J,10,Blank,,,,,,,,,,
IAD39777_1_A,J,11,Blank,,,,,,,,,,
IAD39777_1_A,J,12,Blank,,,,,,,,,,
IAD39777_1_A,J,13,Blank,,,,,,,,,,
IAD39777_1_A,J,14,Blank,,,,,,,,,,
IAD39777_1_A,J,15,Blank,,,,,,,,,,
IAD39777_1_A,J,16,Blank,,,,,,,,,,
IAD39777_1_A,J,17,Blank,,,,,,,,,,
IAD39777_1_A,J,18,Blank,,,,,,,,,,
IAD39777_1_A,J,19,Blank,,,,,,,,,,
IAD39777_1_A,J,20,Blank,,,,,,,,,,
IAD39777_1_A,J,21,Blank,,,,,,,,,,
IAD39777_1_A,J,22,Blank,,,,,,,,,,
IAD39777_1_A,J,23,Blank,,,,,,,,,,
IAD39777_1_A,J,24,Blank,,,,,,,,,,
IAD39777_1_A,K,1,AMPL3848886907,GCCTAGTTGATCAGCTTATTGTCTAGTG,TGAGATAGTTGGAATGCTTAGCAAACAA,GENOME_REGION,CFTR exon 27,hg19,chr7,117307491,117307519,117307668,117307696
IAD39777_1_A,K,2,Blank,,,,,,,,,,
IAD39777_1_A,K,3,AMPL3848895636,CCACTGTCCGGAAATTCATGG,GTTTTCTGCCTTGTGCAATGACT,GENOME_REGION,GALT,hg19,chr9,34649491,34649512,34649646,34649669
IAD39777_1_A,K,4,Blank,,,,,,,,,,
IAD39777_1_A,K,5,AMPL3848900251,TCAGGAAAGAGAACTTCCAGATCCT,CAAAGGTCTGTGAGCTTGTCACT,GENOME_REGION,CFTR exon 27,hg19,chr7,117307777,117307802,117307960,117307983
IAD39777_1_A,K,6,Blank,,,,,,,,,,
IAD39777_1_A,K,7,AMPL3849093081,GGCCATGTGCTTTTCAAACTAATTG,GACAGGAGTACCAAGAAGTGAGAAATT,GENOME_REGION,CFTR exon 10,hg19,chr7,117188581,117188606,117188778,117188805
IAD39777_1_A,K,8,Blank,,,,,,,,,,
IAD39777_1_A,K,9,Blank,,,,,,,,,,
IAD39777_1_A,K,10,Blank,,,,,,,,,,
IAD39777_1_A,K,11,Blank,,,,,,,,,,
IAD39777_1_A,K,12,Blank,,,,,,,,,,
IAD39777_1_A,K,13,Blank,,,,,,,,,,
IAD39777_1_A,K,14,Blank,,,,,,,,,,
IAD39777_1_A,K,15,Blank,,,,,,,,,,
IAD39777_1_A,K,16,Blank,,,,,,,,,,
IAD39777_1_A,K,17,Blank,,,,,,,,,,
IAD39777_1_A,K,18,Blank,,,,,,,,,,
IAD39777_1_A,K,19,Blank,,,,,,,,,,
IAD39777_1_A,K,20,Blank,,,,,,,,,,
IAD39777_1_A,K,21,Blank,,,,,,,,,,
IAD39777_1_A,K,22,Blank,,,,,,,,,,
IAD39777_1_A,K,23,Blank,,,,,,,,,,
IAD39777_1_A,K,24,Blank,,,,,,,,,,
IAD39777_1_A,L,1,Blank,,,,,,,,,,
IAD39777_1_A,L,2,Blank,,,,,,,,,,
IAD39777_1_A,L,3,Blank,,,,,,,,,,
IAD39777_1_A,L,4,Blank,,,,,,,,,,
IAD39777_1_A,L,5,Blank,,,,,,,,,,
IAD39777_1_A,L,6,Blank,,,,,,,,,,
IAD39777_1_A,L,7,Blank,,,,,,,,,,
IAD39777_1_A,L,8,Blank,,,,,,,,,,
IAD39777_1_A,L,9,Blank,,,,,,,,,,
IAD39777_1_A,L,10,Blank,,,,,,,,,,
IAD39777_1_A,L,11,Blank,,,,,,,,,,
IAD39777_1_A,L,12,Blank,,,,,,,,,,
IAD39777_1_A,L,13,Blank,,,,,,,,,,
IAD39777_1_A,L,14,Blank,,,,,,,,,,
IAD39777_1_A,L,15,Blank,,,,,,,,,,
IAD39777_1_A,L,16,Blank,,,,,,,,,,
IAD39777_1_A,L,17,Blank,,,,,,,,,,
IAD39777_1_A,L,18,Blank,,,,,,,,,,
IAD39777_1_A,L,19,Blank,,,,,,,,,,
IAD39777_1_A,L,20,Blank,,,,,,,,,,
IAD39777_1_A,L,21,Blank,,,,,,,,,,
IAD39777_1_A,L,22,Blank,,,,,,,,,,
IAD39777_1_A,L,23,Blank,,,,,,,,,,
IAD39777_1_A,L,24,Blank,,,,,,,,,,
IAD39777_1_A,M,1,Blank,,,,,,,,,,
IAD39777_1_A,M,2,Blank,,,,,,,,,,
IAD39777_1_A,M,3,Blank,,,,,,,,,,
IAD39777_1_A,M,4,Blank,,,,,,,,,,
IAD39777_1_A,M,5,Blank,,,,,,,,,,
IAD39777_1_A,M,6,Blank,,,,,,,,,,
IAD39777_1_A,M,7,Blank,,,,,,,,,,
IAD39777_1_A,M,8,Blank,,,,,,,,,,
IAD39777_1_A,M,9,Blank,,,,,,,,,,
IAD39777_1_A,M,10,Blank,,,,,,,,,,
IAD39777_1_A,M,11,Blank,,,,,,,,,,
IAD39777_1_A,M,12,Blank,,,,,,,,,,
IAD39777_1_A,M,13,Blank,,,,,,,,,,
IAD39777_1_A,M,14,Blank,,,,,,,,,,
IAD39777_1_A,M,15,Blank,,,,,,,,,,
IAD39777_1_A,M,16,Blank,,,,,,,,,,
IAD39777_1_A,M,17,Blank,,,,,,,,,,
IAD39777_1_A,M,18,Blank,,,,,,,,,,
IAD39777_1_A,M,19,Blank,,,,,,,,,,
IAD39777_1_A,M,20,Blank,,,,,,,,,,
IAD39777_1_A,M,21,Blank,,,,,,,,,,
IAD39777_1_A,M,22,Blank,,,,,,,,,,
IAD39777_1_A,M,23,Blank,,,,,,,,,,
IAD39777_1_A,M,24,Blank,,,,,,,,,,
IAD39777_1_A,N,1,Blank,,,,,,,,,,
IAD39777_1_A,N,2,Blank,,,,,,,,,,
IAD39777_1_A,N,3,Blank,,,,,,,,,,
IAD39777_1_A,N,4,Blank,,,,,,,,,,
IAD39777_1_A,N,5,Blank,,,,,,,,,,
IAD39777_1_A,N,6,Blank,,,,,,,,,,
IAD39777_1_A,N,7,Blank,,,,,,,,,,
IAD39777_1_A,N,8,Blank,,,,,,,,,,
IAD39777_1_A,N,9,Blank,,,,,,,,,,
IAD39777_1_A,N,10,Blank,,,,,,,,,,
IAD39777_1_A,N,11,Blank,,,,,,,,,,
IAD39777_1_A,N,12,Blank,,,,,,,,,,
IAD39777_1_A,N,13,Blank,,,,,,,,,,
IAD39777_1_A,N,14,Blank,,,,,,,,,,
IAD39777_1_A,N,15,Blank,,,,,,,,,,
IAD39777_1_A,N,16,Blank,,,,,,,,,,
IAD39777_1_A,N,17,Blank,,,,,,,,,,
IAD39777_1_A,N,18,Blank,,,,,,,,,,
IAD39777_1_A,N,19,Blank,,,,,,,,,,
IAD39777_1_A,N,20,Blank,,,,,,,,,,
IAD39777_1_A,N,21,Blank,,,,,,,,,,
IAD39777_1_A,N,22,Blank,,,,,,,,,,
IAD39777_1_A,N,23,Blank,,,,,,,,,,
IAD39777_1_A,N,24,Blank,,,,,,,,,,
IAD39777_1_A,O,1,Blank,,,,,,,,,,
IAD39777_1_A,O,2,Blank,,,,,,,,,,
IAD39777_1_A,O,3,Blank,,,,,,,,,,
IAD39777_1_A,O,4,Blank,,,,,,,,,,
IAD39777_1_A,O,5,Blank,,,,,,,,,,
IAD39777_1_A,O,6,Blank,,,,,,,,,,
IAD39777_1_A,O,7,Blank,,,,,,,,,,
IAD39777_1_A,O,8,Blank,,,,,,,,,,
IAD39777_1_A,O,9,Blank,,,,,,,,,,
IAD39777_1_A,O,10,Blank,,,,,,,,,,
IAD39777_1_A,O,11,Blank,,,,,,,,,,
IAD39777_1_A,O,12,Blank,,,,,,,,,,
IAD39777_1_A,O,13,Blank,,,,,,,,,,
IAD39777_1_A,O,14,Blank,,,,,,,,,,
IAD39777_1_A,O,15,Blank,,,,,,,,,,
IAD39777_1_A,O,16,Blank,,,,,,,,,,
IAD39777_1_A,O,17,Blank,,,,,,,,,,
IAD39777_1_A,O,18,Blank,,,,,,,,,,
IAD39777_1_A,O,19,Blank,,,,,,,,,,
IAD39777_1_A,O,20,Blank,,,,,,,,,,
IAD39777_1_A,O,21,Blank,,,,,,,,,,
IAD39777_1_A,O,22,Blank,,,,,,,,,,
IAD39777_1_A,O,23,Blank,,,,,,,,,,
IAD39777_1_A,O,24,Blank,,,,,,,,,,
IAD39777_1_A,P,1,Blank,,,,,,,,,,
IAD39777_1_A,P,2,Blank,,,,,,,,,,
IAD39777_1_A,P,3,Blank,,,,,,,,,,
IAD39777_1_A,P,4,Blank,,,,,,,,,,
IAD39777_1_A,P,5,Blank,,,,,,,,,,
IAD39777_1_A,P,6,Blank,,,,,,,,,,
IAD39777_1_A,P,7,Blank,,,,,,,,,,
IAD39777_1_A,P,8,Blank,,,,,,,,,,
IAD39777_1_A,P,9,Blank,,,,,,,,,,
IAD39777_1_A,P,10,Blank,,,,,,,,,,
IAD39777_1_A,P,11,Blank,,,,,,,,,,
IAD39777_1_A,P,12,Blank,,,,,,,,,,
IAD39777_1_A,P,13,Blank,,,,,,,,,,
IAD39777_1_A,P,14,Blank,,,,,,,,,,
IAD39777_1_A,P,15,Blank,,,,,,,,,,
IAD39777_1_A,P,16,Blank,,,,,,,,,,
IAD39777_1_A,P,17,Blank,,,,,,,,,,
IAD39777_1_A,P,18,Blank,,,,,,,,,,
IAD39777_1_A,P,19,Blank,,,,,,,,,,
IAD39777_1_A,P,20,Blank,,,,,,,,,,
IAD39777_1_A,P,21,Blank,,,,,,,,,,
IAD39777_1_A,P,22,Blank,,,,,,,,,,
IAD39777_1_A,P,23,Blank,,,,,,,,,,
IAD39777_1_A,P,24,Blank,,,,,,,,,,
,,,,,,,,,,,,,
,,,,,,,,,,,,,
,,,,,,,,,,,,,
IAD39777_2_A,A,1,AMPL467504527,TGATTACCTAGATTTTAGTGTGCTCAGA,CAACTCCCAGATTAGCCCCAT,GENOME_REGION,CFTR exon 6,hg19,chr7,117175156,117175184,117175355,117175376
IAD39777_2_A,A,2,Blank,,,,,,,,,,
IAD39777_2_A,A,3,AMPL467649362,GTGATGACAGCCTCTTCTTCAGT,TGAAGAACAAAAGAACTACCTTGCCT,GENOME_REGION,CFTR exon 10,hg19,chr7,117188756,117188779,117188870,117188896
IAD39777_2_A,A,4,Blank,,,,,,,,,,
IAD39777_2_A,A,5,AMPL468048766,CGATCTGTGAGCCGAGTCTTTA,TCATCTTTCTTCACGTGTGAATTCTCAA,GENOME_REGION,CFTR exon 22,hg19,chr7,117267579,117267601,117267684,117267712
IAD39777_2_A,A,6,Blank,,,,,,,,,,
IAD39777_2_A,A,7,AMPL468184487,GCAATTTCCCTGGGCTGTACAA,CGCACATTTTTGCAAAGTTCATTAGAAC,GENOME_REGION,CFTR exon 8,hg19,chr7,117180340,117180362,117180458,117180486
IAD39777_2_A,A,8,Blank,,,,,,,,,,
IAD39777_2_A,A,9,AMPL468425396,GATGTGGGCATGGGAGGAATA,CCATAATGCTTGGGAGAAATGAAACAA,GENOME_REGION,CFTR exon 16,hg19,chr7,117242812,117242833,117243009,117243036
IAD39777_2_A,A,10,Blank,,,,,,,,,,
IAD39777_2_A,A,11,AMPL468865894,GCCCATCTGTTGAATAAAAGAAATATGACTT,CAGCAGTATGCCTTAACAGATTGGATAT,GENOME_REGION,CFTR exon 7,hg19,chr7,117176489,117176520,117176660,117176688
IAD39777_2_A,A,12,Blank,,,,,,,,,,
IAD39777_2_A,A,13,AMPL468866489,AAGGTAGCAGCTATTTTTATGGGACAT,CCCCAAACTCTCCAGTCTGTTTAA,GENOME_REGION,CFTR exon 14,hg19,chr7,117232083,117232110,117232280,117232304
IAD39777_2_A,A,14,Blank,,,,,,,,,,
IAD39777_2_A,A,15,AMPL469286737,AAGTCTTGTGTTGAAATTCTCAGGGT,GATAAATCGCGATAGAGCGTTCCT,GENOME_REGION,CFTR exon 4,hg19,chr7,117170875,117170901,117171022,117171046
IAD39777_2_A,A,16,Blank,,,,,,,,,,
IAD39777_2_A,A,17,AMPL469390256,GAAATCCAGATCGATGGTGTGTCT,TATGAGAAAACTGCACTGGAGAAAAA,GENOME_REGION,CFTR exon 23,hg19,chr7,117282570,117282594,117282768,117282794
IAD39777_2_A,A,18,Blank,,,,,,,,,,
IAD39777_2_A,A,19,AMPL469937071,GGTTGGGCTCAGATCTGTGAT,TTCCCACTGTGCTATTAAGTAACAGAAC,GENOME_REGION,CFTR exon 25,hg19,chr7,117304741,117304762,117304927,117304955
IAD39777_2_A,A,20,Blank,,,,,,,,,,
IAD39777_2_A,A,21,AMPL474961767,ATTTCATGCTATCAGAATTCACAAGGT,TCCTAGTTTTGTTAGCCATCAGTTTACAG,GENOME_REGION,CFTR exon 14,hg19,chr7,117231798,117231825,117231993,117232022
IAD39777_2_A,A,22,Blank,,,,,,,,,,
IAD39777_2_A,A,23,AMPL476533235,AAACTTGGATCCCTATGAACAGTGG,TCCAGTCAAAAGTACCTGTTGCT,GENOME_REGION,CFTR exon 24,hg19,chr7,117292928,117292953,117293126,117293149
IAD39777_2_A,A,24,Blank,,,,,,,,,,
IAD39777_2_A,B,1,Blank,,,,,,,,,,
IAD39777_2_A,B,2,Blank,,,,,,,,,,
IAD39777_2_A,B,3,Blank,,,,,,,,,,
IAD39777_2_A,B,4,Blank,,,,,,,,,,
IAD39777_2_A,B,5,Blank,,,,,,,,,,
IAD39777_2_A,B,6,Blank,,,,,,,,,,
IAD39777_2_A,B,7,Blank,,,,,,,,,,
IAD39777_2_A,B,8,Blank,,,,,,,,,,
IAD39777_2_A,B,9,Blank,,,,,,,,,,
IAD39777_2_A,B,10,Blank,,,,,,,,,,
IAD39777_2_A,B,11,Blank,,,,,,,,,,
IAD39777_2_A,B,12,Blank,,,,,,,,,,
IAD39777_2_A,B,13,Blank,,,,,,,,,,
IAD39777_2_A,B,14,Blank,,,,,,,,,,
IAD39777_2_A,B,15,Blank,,,,,,,,,,
IAD39777_2_A,B,16,Blank,,,,,,,,,,
IAD39777_2_A,B,17,Blank,,,,,,,,,,
IAD39777_2_A,B,18,Blank,,,,,,,,,,
IAD39777_2_A,B,19,Blank,,,,,,,,,,
IAD39777_2_A,B,20,Blank,,,,,,,,,,
IAD39777_2_A,B,21,Blank,,,,,,,,,,
IAD39777_2_A,B,22,Blank,,,,,,,,,,
IAD39777_2_A,B,23,Blank,,,,,,,,,,
IAD39777_2_A,B,24,Blank,,,,,,,,,,
IAD39777_2_A,C,1,AMPL492300506,CTCCCCATGATGTTTAGAAACACAACTA,CCTGGACAATACTAACCCTGATTTCC,GENOME_REGION,CFTR exon 27,hg19,chr7,117307639,117307667,117307801,117307827
IAD39777_2_A,C,2,Blank,,,,,,,,,,
IAD39777_2_A,C,3,AMPL496812712,AGAGCTGGCTTCAAAGAAAAATCCT,TGTTTGGAGTTGGATTCATCCTTTAT,GENOME_REGION,CFTR exon 3,hg19,chr7,117149100,117149125,117149294,117149320
IAD39777_2_A,C,4,Blank,,,,,,,,,,
IAD39777_2_A,C,5,AMPL497774927,GGACACTGATATGGGTCTTGATAAATGG,TCTTCTCCAACACTACAAATTAACGAGTT,GENOME_REGION,CFTR exon 3,hg19,chr7,117307326,117307354,117307519,117307548
IAD39777_2_A,C,6,Blank,,,,,,,,,,
IAD39777_2_A,C,7,AMPL556296474,TTTATAGAACAGAACTGAAACTGACTCGG,CCTTTGATTAGTGCATAGGGAAGCA,GENOME_REGION,CFTR exon 8,hg19,chr7,117180147,117180176,117180248,117180273
IAD39777_2_A,C,8,Blank,,,,,,,,,,
IAD39777_2_A,C,9,AMPL556370172,CCCTGGGCTCAACTCATTTGA,CCCATTCCTCATGTAGAAAGACTGA,GENOME_REGION,PAH exon 8,hg19,chr12,103245392,103245413,103245591,103245616
IAD39777_2_A,C,10,Blank,,,,,,,,,,
IAD39777_2_A,C,11,AMPL612960426,GACCACTTTAATGGTGTTTACCTACCTA,CTCTGATTCCACAAGGTATTTAGCAGT,GENOME_REGION,"CFTR intron 1 (del2,3)",hg19,chr7,117138254,117138282,117138451,117138478
IAD39777_2_A,C,12,Blank,,,,,,,,,,
IAD39777_2_A,C,13,AMPL612960517,CAGTTGACTTGTCATCTTGATTTCTGG,CTCCCTGAGAATGTTGGATCAAGATAAA,GENOME_REGION,CFTR intron 22 3849+10kbC>T,hg19,chr7,117279927,117279954,117280114,117280142
IAD39777_2_A,C,14,Blank,,,,,,,,,,
IAD39777_2_A,C,15,AMPL623733836,GAGGGAGCTAGAGAGCTCTGA,ACAGAGGGTTGAGAGGGTCAT,GENOME_REGION,GALT,hg19,chr9,34647038,34647059,34647205,34647226
IAD39777_2_A,C,16,Blank,,,,,,,,,,
IAD39777_2_A,C,17,AMPL623737664,CTGTGGACATGGGAACAGGAT,GGCAATATCTGGCAGGAAACTG,GENOME_REGION,GALT,hg19,chr9,34648220,34648241,34648341,34648363
IAD39777_2_A,C,18,Blank,,,,,,,,,,
IAD39777_2_A,C,19,AMPL623750282,CTGGTTAGTACTGGTCCCCTTCT,GTCCAGATGCTGACCCTACTG,GENOME_REGION,GALT,hg19,chr9,34648785,34648808,34648943,34648964
IAD39777_2_A,C,20,Blank,,,,,,,,,,
IAD39777_2_A,C,21,AMPL658783041,TGGTTTTCTGTACCCACCACTTTTAA,TCATAGAGTGTGCTCTCAGATTGACT,GENOME_REGION,PAH exon 10,hg19,chr12,103238058,103238084,103238220,103238246
IAD39777_2_A,C,22,Blank,,,,,,,,,,
IAD39777_2_A,C,23,AMPL658804790,TCAACTGGATGAGGGCAAGG,CCCCATTCAAAGCATTCATAAAGGT,GENOME_REGION,PAH exon 5,hg19,chr12,103260295,103260315,103260494,103260519
IAD39777_2_A,C,24,Blank,,,,,,,,,,
IAD39777_2_A,D,1,Blank,,,,,,,,,,
IAD39777_2_A,D,2,Blank,,,,,,,,,,
IAD39777_2_A,D,3,Blank,,,,,,,,,,
IAD39777_2_A,D,4,Blank,,,,,,,,,,
IAD39777_2_A,D,5,Blank,,,,,,,,,,
IAD39777_2_A,D,6,Blank,,,,,,,,,,
IAD39777_2_A,D,7,Blank,,,,,,,,,,
IAD39777_2_A,D,8,Blank,,,,,,,,,,
IAD39777_2_A,D,9,Blank,,,,,,,,,,
IAD39777_2_A,D,10,Blank,,,,,,,,,,
IAD39777_2_A,D,11,Blank,,,,,,,,,,
IAD39777_2_A,D,12,Blank,,,,,,,,,,
IAD39777_2_A,D,13,Blank,,,,,,,,,,
IAD39777_2_A,D,14,Blank,,,,,,,,,,
IAD39777_2_A,D,15,Blank,,,,,,,,,,
IAD39777_2_A,D,16,Blank,,,,,,,,,,
IAD39777_2_A,D,17,Blank,,,,,,,,,,
IAD39777_2_A,D,18,Blank,,,,,,,,,,
IAD39777_2_A,D,19,Blank,,,,,,,,,,
IAD39777_2_A,D,20,Blank,,,,,,,,,,
IAD39777_2_A,D,21,Blank,,,,,,,,,,
IAD39777_2_A,D,22,Blank,,,,,,,,,,
IAD39777_2_A,D,23,Blank,,,,,,,,,,
IAD39777_2_A,D,24,Blank,,,,,,,,,,
IAD39777_2_A,E,1,AMPL659619504,GCACCAATGTCATGCCTCAAG,CTGCGTTAGTTCCAGTGACTGT,GENOME_REGION,PAH exon 3,hg19,chr12,103288554,103288575,103288725,103288747
IAD39777_2_A,E,2,Blank,,,,,,,,,,
IAD39777_2_A,E,3,AMPL661570029,GCATCCAGTTCCGCTCCATAG,CCCACTTCTGATCTCAGCAAGG,GENOME_REGION,PAH exon 3,hg19,chr12,103271250,103271271,103271384,103271406
IAD39777_2_A,E,4,Blank,,,,,,,,,,
IAD39777_2_A,E,5,AMPL663100272,CAGAGCTAGTGGCTCACCTT,GGGAATACTGATCCTGATTTAACAGTGA,GENOME_REGION,PAH exon 3,hg19,chr12,103237390,103237410,103237584,103237612
IAD39777_2_A,E,6,Blank,,,,,,,,,,
IAD39777_2_A,E,7,AMPL663779199,CAGACTTCTTACTGAGCTTATGAAACCA,GCCTGTACCTGAGGCCCTAA,GENOME_REGION,PAH exon 1,hg19,chr12,103310740,103310768,103310940,103310960
IAD39777_2_A,E,8,Blank,,,,,,,,,,
IAD39777_2_A,E,9,AMPL712350278,AGAGGGTAAAATTAAGCACAGTGGAAG,TAGTGTGAAGGGTTCATATGCATAATCA,GENOME_REGION,CFTR exon 11,hg19,chr7,117199559,117199586,117199733,117199761
IAD39777_2_A,E,10,Blank,,,,,,,,,,
IAD39777_2_A,E,11,AMPL807033687,GCCTCATGTCGCGCAGT,CTGCAGACTGTACGCCTTGT,GENOME_REGION,GALT,hg19,chr9,34646697,34646714,34646892,34646912
IAD39777_2_A,E,12,Blank,,,,,,,,,,
IAD39777_2_A,E,13,AMPL811141827,TGAACATTTCCTGAATATCTACCAACCAA,CCCCATAACTTCCAGTATCATTTTCCAA,GENOME_REGION,PAH exon 13,hg19,chr12,103232194,103232223,103232291,103232319
IAD39777_2_A,E,14,Blank,,,,,,,,,,
IAD39777_2_A,E,15,AMPL811145968,TGACCCCAAAAGATTTACCATTATGCT,GTGAATCTGTTGATGGAGATCCAACTAT,GENOME_REGION,PAH exon 13,hg19,chr12,103232739,103232766,103232895,103232923
IAD39777_2_A,E,16,Blank,,,,,,,,,,
IAD39777_2_A,E,17,AMPL812248025,TGCTTTCATACTTGCCTCCACAT,TGCTATGAGTACAATCACATTTTTCCAC,GENOME_REGION,PAH exon 6,hg19,chr12,103248811,10324883,103248985,103249013
IAD39777_2_A,E,18,Blank,,,,,,,,,,
IAD39777_2_A,E,19,AMPL812522983,CACAGTAACGCCCCTCGT,TCCCGGAAGTGCCTAAACC,GENOME_REGION,PAH exon 1,hg19,chr12,103311056,103311074,103311261,103311280
IAD39777_2_A,E,20,Blank,,,,,,,,,,
IAD39777_2_A,E,21,AMPL844200061,ACCTGAGAAGATAGTAAGCTAGATGAAT,GAAAGGAGACTAACAAGTTGTCCAATACT,GENOME_REGION,CFTR exon 5,hg19,chr7,117174172,117174200,117174365,117174394
IAD39777_2_A,E,22,Blank,,,,,,,,,,
IAD39777_2_A,E,23,AMPL868171912,GACTTCTGCTGCAGAGAGTGATA,GTCTCCAACTCTGGTTTGAAAGTT,GENOME_REGION,GALT,hg19,chr9,34647617,34647640,34647726,34647750
IAD39777_2_A,E,24,Blank,,,,,,,,,,
IAD39777_2_A,F,1,Blank,,,,,,,,,,
IAD39777_2_A,F,2,Blank,,,,,,,,,,
IAD39777_2_A,F,3,Blank,,,,,,,,,,
IAD39777_2_A,F,4,Blank,,,,,,,,,,
IAD39777_2_A,F,5,Blank,,,,,,,,,,
IAD39777_2_A,F,6,Blank,,,,,,,,,,
IAD39777_2_A,F,7,Blank,,,,,,,,,,
IAD39777_2_A,F,8,Blank,,,,,,,,,,
IAD39777_2_A,F,9,Blank,,,,,,,,,,
IAD39777_2_A,F,10,Blank,,,,,,,,,,
IAD39777_2_A,F,11,Blank,,,,,,,,,,
IAD39777_2_A,F,12,Blank,,,,,,,,,,
IAD39777_2_A,F,13,Blank,,,,,,,,,,
IAD39777_2_A,F,14,Blank,,,,,,,,,,
IAD39777_2_A,F,15,Blank,,,,,,,,,,
IAD39777_2_A,F,16,Blank,,,,,,,,,,
IAD39777_2_A,F,17,Blank,,,,,,,,,,
IAD39777_2_A,F,18,Blank,,,,,,,,,,
IAD39777_2_A,F,19,Blank,,,,,,,,,,
IAD39777_2_A,F,20,Blank,,,,,,,,,,
IAD39777_2_A,F,21,Blank,,,,,,,,,,
IAD39777_2_A,F,22,Blank,,,,,,,,,,
IAD39777_2_A,F,23,Blank,,,,,,,,,,
IAD39777_2_A,F,24,Blank,,,,,,,,,,
IAD39777_2_A,G,1,AMPL1317650819,TGTCATCTTGTATATTATAGGTGGGATTCTTAA,ACAGGACTTCAACCCTCAATCAAATAAA,GENOME_REGION,CFTR exon 18,hg19,chr7,117246708,117246741,117246889,117246917
IAD39777_2_A,G,2,Blank,,,,,,,,,,
IAD39777_2_A,G,3,AMPL1350926834,AGCACCAGTTCGTATTATGTGTTTTACA,TGGTGGATCAGCAGTTTCATTTCTTAG,GENOME_REGION,CFTR exon 17,hg19,chr7,117243653,117243681,117243850,117243877
IAD39777_2_A,G,4,Blank,,,,,,,,,,
IAD39777_2_A,G,5,AMPL1380948432,TTCTATGAAATATTATGTTAAAACTGGGACAGG,TCATACAGCTGTGGGCAACAA,GENOME_REGION,CFTR exon 27,hg19,chr7,117308411,117308444,117308519,117308540
IAD39777_2_A,G,6,Blank,,,,,,,,,,
IAD39777_2_A,G,7,AMPL1380948436,GCAGGTCAGAGAAAAAGGGTTGA,GGCCACCTTCTCACCTGAAAAA,GENOME_REGION,CFTR exon 1,hg19,chr7,117120040,117120063,117120193,117120215
IAD39777_2_A,G,8,Blank,,,,,,,,,,
IAD39777_2_A,G,9,AMPL1489275007,CAAAGAATGGCACCAGTGTGAAA,GAAGTGTCCATAGTCCTTTTAAGCTTGTA,GENOME_REGION,CFTR exon 20,hg19,chr7,117251483,117251506,117251662,117251691
IAD39777_2_A,G,10,Blank,,,,,,,,,,
IAD39777_2_A,G,11,AMPL1496755741,CACAGGGCCTTGAATCCTTTTT,TCTGAAGGTTCACACTCCTCTGA,GENOME_REGION,GALT,hg19,chr9,34650457,34650479,34650595,34650618
IAD39777_2_A,G,12,Blank,,,,,,,,,,
IAD39777_2_A,G,13,AMPL1497161003,AACTTCATAGGTTACGATTTATATTAAGCCCAA,ATCAGTAATCTGTCGCATTTCATCAAGA,GENOME_REGION,PAH exon 13,hg19,chr12,103232519,103232552,103232666,103232694
IAD39777_2_A,G,14,Blank,,,,,,,,,,
IAD39777_2_A,G,15,AMPL1524050819,CTGGTTCTTGTACCTGTCAACACT,GCTAAAGTTAATGAGTTCATAGTACCTGTTGT,GENOME_REGION,CFTR exon 20,hg19,chr7,117251759,117251783,117251855,117251887
IAD39777_2_A,G,16,Blank,,,,,,,,,,
IAD39777_2_A,G,17,AMPL1758041121,GAGAATGTATGGGTGTAGTGTCTTGTAT,CTGTTCTGGTTAAGAATGGATAAAATGGA,GENOME_REGION,CFTR exon 10,hg19,chr7,117188991,117189019,117189174,117189203
IAD39777_2_A,G,18,Blank,,,,,,,,,,
IAD39777_2_A,G,19,AMPL3533204248,AATAAAACCACAATGGTGGCATGA,CTCTTGTGGACAGTAATATATCGAAGGT,GENOME_REGION,CFTR exon 15,hg19,chr7,117234917,117234941,117235038,117235066
IAD39777_2_A,G,20,Blank,,,,,,,,,,
IAD39777_2_A,G,21,AMPL3662351274,ACCAATTTTGAGGAAAGGATACAGACA,TTCTCTCTTCAACTAAACAATGTACATGAACA,GENOME_REGION,CFTR exon 2,hg19,chr7,117144316,117144343,117144420,117144452
IAD39777_2_A,G,22,Blank,,,,,,,,,,
IAD39777_2_A,G,23,AMPL3662363743,GTCTTTTGTGCATCTATAGGAGAAGGA,ACTTACCAAGCTATCCACATCTATGC,GENOME_REGION,CFTR exon 21,hg19,chr7,117254648,117254675,117254747,117254773
IAD39777_2_A,G,24,Blank,,,,,,,,,,
IAD39777_2_A,H,1,Blank,,,,,,,,,,
IAD39777_2_A,H,2,Blank,,,,,,,,,,
IAD39777_2_A,H,3,Blank,,,,,,,,,,
IAD39777_2_A,H,4,Blank,,,,,,,,,,
IAD39777_2_A,H,5,Blank,,,,,,,,,,
IAD39777_2_A,H,6,Blank,,,,,,,,,,
IAD39777_2_A,H,7,Blank,,,,,,,,,,
IAD39777_2_A,H,8,Blank,,,,,,,,,,
IAD39777_2_A,H,9,Blank,,,,,,,,,,
IAD39777_2_A,H,10,Blank,,,,,,,,,,
IAD39777_2_A,H,11,Blank,,,,,,,,,,
IAD39777_2_A,H,12,Blank,,,,,,,,,,
IAD39777_2_A,H,13,Blank,,,,,,,,,,
IAD39777_2_A,H,14,Blank,,,,,,,,,,
IAD39777_2_A,H,15,Blank,,,,,,,,,,
IAD39777_2_A,H,16,Blank,,,,,,,,,,
IAD39777_2_A,H,17,Blank,,,,,,,,,,
IAD39777_2_A,H,18,Blank,,,,,,,,,,
IAD39777_2_A,H,19,Blank,,,,,,,,,,
IAD39777_2_A,H,20,Blank,,,,,,,,,,
IAD39777_2_A,H,21,Blank,,,,,,,,,,
IAD39777_2_A,H,22,Blank,,,,,,,,,,
IAD39777_2_A,H,23,Blank,,,,,,,,,,
IAD39777_2_A,H,24,Blank,,,,,,,,,,
IAD39777_2_A,I,1,AMPL3662384424,CCTTTAGAGAGAAGGCTGTCCTT,TGACCTTGGTTAACTGAGTGTGTC,GENOME_REGION,CFTR exon 14,hg19,chr7,11723241,117232435,117232539,117232563
IAD39777_2_A,I,2,Blank,,,,,,,,,,
IAD39777_2_A,I,3,AMPL3687791484,CTCTGTGAACACAGGATAGAAGCA,TTGCAATTTGCAGGAACTATCACAT,GENOME_REGION,CFTR exon 26,hg19,chr7,117305571,117305595,117305680,117305705
IAD39777_2_A,I,4,Blank,,,,,,,,,,
IAD39777_2_A,I,5,AMPL3713721021,AGACATTGGAATATAACTTAACGACTACAGAAG,TTATTCGCCATTAGGATGAAATCCAT,GENOME_REGION,CFTR exon 9,hg19,chr7,117182095,117182128,117182221,117182247
IAD39777_2_A,I,6,Blank,,,,,,,,,,
IAD39777_2_A,I,7,AMPL3848753200,GGGAAAGACAGTCTTCGATTACTGAG,TTTCTCCAAATGGTGCCCTTCA,GENOME_REGION,PAH exon 12,hg19,chr12,103234117,103234143,103234318,103234340
IAD39777_2_A,I,8,Blank,,,,,,,,,,
IAD39777_2_A,I,9,AMPL3848812411,CCTGATACTTCTGTTGCCCTTGT,GAGTTTAGCAGCTCCTGAGTCC,GENOME_REGION,GALT,hg19,chr9,34649619,34649642,34649818,34649840
IAD39777_2_A,I,10,Blank,,,,,,,,,,
IAD39777_2_A,I,11,AMPL3848829546,GATATGCCTTTTCCCAACTCCAGAA,CCTGAAAACATACCACCATCAACCTATAC,GENOME_REGION,CFTR exon 27,hg19,chr7,117307936,117307961,117308127,117308156
IAD39777_2_A,I,12,Blank,,,,,,,,,,
IAD39777_2_A,I,13,AMPL3848835399,CACCCACAGGGATAGTGAACC,CAGAGCTGGGAAGTCGTTGT,GENOME_REGION,GALT,hg19,chr9,34647324,34647345,34647522,34647542
IAD39777_2_A,I,14,Blank,,,,,,,,,,
IAD39777_2_A,I,15,AMPL3848836362,GCAGTACGATTCCATCCAGAAACT,CTCCAATTCCATGAGCAAATGTCC,GENOME_REGION,CFTR exon 27,hg19,chr7,117306985,117307009,117307185,117307209
IAD39777_2_A,I,16,Blank,,,,,,,,,,
IAD39777_2_A,I,17,AMPL3848847770,CATGTCGGTCCCTGAGATCC,GGAGCTCTGTTAGCCAAAAGACA,GENOME_REGION,GALT,hg19,chr9,34647874,34647894,34648071,34648094
IAD39777_2_A,I,18,Blank,,,,,,,,,,
IAD39777_2_A,I,19,AMPL3848851345,CAGATCTAGCCTCCATCATGAAGAA,TCCCCCAGCAACTGTTTCAAG,GENOME_REGION,GALT,hg19,chr9,34648992,34649017,34649170,34649191
IAD39777_2_A,I,20,Blank,,,,,,,,,,
IAD39777_2_A,I,21,AMPL3848859657,GTTCTGAAGAAGATGGTACCACCAG,AGTGAACGCATCTGAAAACAACAAAG,GENOME_REGION,CFTR exon 27,hg19,chr7,117308570,117308595,117308719,117308745
IAD39777_2_A,I,22,Blank,,,,,,,,,,
IAD39777_2_A,I,23,AMPL3848885846,CCTGGTTGGGTTTGGGAGTAG,GAGCAAGCATTTCGTAGCCAA,GENOME_REGION,GALT,hg19,chr9,34649324,34649345,34649511,34649532
IAD39777_2_A,I,24,Blank,,,,,,,,,,
IAD39777_2_A,J,1,Blank,,,,,,,,,,
IAD39777_2_A,J,2,Blank,,,,,,,,,,
IAD39777_2_A,J,3,Blank,,,,,,,,,,
IAD39777_2_A,J,4,Blank,,,,,,,,,,
IAD39777_2_A,J,5,Blank,,,,,,,,,,
IAD39777_2_A,J,6,Blank,,,,,,,,,,
IAD39777_2_A,J,7,Blank,,,,,,,,,,
IAD39777_2_A,J,8,Blank,,,,,,,,,,
IAD39777_2_A,J,9,Blank,,,,,,,,,,
IAD39777_2_A,J,10,Blank,,,,,,,,,,
IAD39777_2_A,J,11,Blank,,,,,,,,,,
IAD39777_2_A,J,12,Blank,,,,,,,,,,
IAD39777_2_A,J,13,Blank,,,,,,,,,,
IAD39777_2_A,J,14,Blank,,,,,,,,,,
IAD39777_2_A,J,15,Blank,,,,,,,,,,
IAD39777_2_A,J,16,Blank,,,,,,,,,,
IAD39777_2_A,J,17,Blank,,,,,,,,,,
IAD39777_2_A,J,18,Blank,,,,,,,,,,
IAD39777_2_A,J,19,Blank,,,,,,,,,,
IAD39777_2_A,J,20,Blank,,,,,,,,,,
IAD39777_2_A,J,21,Blank,,,,,,,,,,
IAD39777_2_A,J,22,Blank,,,,,,,,,,
IAD39777_2_A,J,23,Blank,,,,,,,,,,
IAD39777_2_A,J,24,Blank,,,,,,,,,,
IAD39777_2_A,K,1,AMPL3848889350,AAAAATGAAGTCCATGCCACCATTC,CTTCTGCCCCAGGTGGTAAT,GENOME_REGION,GALT,hg19,chr9,34650291,34650316,34650399,34650419
IAD39777_2_A,K,2,Blank,,,,,,,,,,
IAD39777_2_A,K,3,AMPL3848901604,GGAGTCCCTAACTTTCTTATCCCATGA,GTCAGCAAATAGGCAAGGGAAG,GENOME_REGION,GALT,hg19,chr9,34648484,34648511,34648681,34648703
IAD39777_2_A,K,4,Blank,,,,,,,,,,
IAD39777_2_A,K,5,AMPL4119989318,ACAGAAGTACCAACAATTACATGTATAAACAGA,CAGTAATAAAGATGAAGACACAGTTCCCA,GENOME_REGION,intron 12,hg19,chr7,117229468,117229501,117229593,117229622
IAD39777_2_A,K,6,Blank,,,,,,,,,,
IAD39777_2_A,K,7,Blank,,,,,,,,,,
IAD39777_2_A,K,8,Blank,,,,,,,,,,
IAD39777_2_A,K,9,Blank,,,,,,,,,,
IAD39777_2_A,K,10,Blank,,,,,,,,,,
IAD39777_2_A,K,11,Blank,,,,,,,,,,
IAD39777_2_A,K,12,Blank,,,,,,,,,,
IAD39777_2_A,K,13,Blank,,,,,,,,,,
IAD39777_2_A,K,14,Blank,,,,,,,,,,
IAD39777_2_A,K,15,Blank,,,,,,,,,,
IAD39777_2_A,K,16,Blank,,,,,,,,,,
IAD39777_2_A,K,17,Blank,,,,,,,,,,
IAD39777_2_A,K,18,Blank,,,,,,,,,,
IAD39777_2_A,K,19,Blank,,,,,,,,,,
IAD39777_2_A,K,20,Blank,,,,,,,,,,
IAD39777_2_A,K,21,Blank,,,,,,,,,,
IAD39777_2_A,K,22,Blank,,,,,,,,,,
IAD39777_2_A,K,23,Blank,,,,,,,,,,
IAD39777_2_A,K,24,Blank,,,,,,,,,,
IAD39777_2_A,L,1,Blank,,,,,,,,,,
IAD39777_2_A,L,2,Blank,,,,,,,,,,
IAD39777_2_A,L,3,Blank,,,,,,,,,,
IAD39777_2_A,L,4,Blank,,,,,,,,,,
IAD39777_2_A,L,5,Blank,,,,,,,,,,
IAD39777_2_A,L,6,Blank,,,,,,,,,,
IAD39777_2_A,L,7,Blank,,,,,,,,,,
IAD39777_2_A,L,8,Blank,,,,,,,,,,
IAD39777_2_A,L,9,Blank,,,,,,,,,,
IAD39777_2_A,L,10,Blank,,,,,,,,,,
IAD39777_2_A,L,11,Blank,,,,,,,,,,
IAD39777_2_A,L,12,Blank,,,,,,,,,,
IAD39777_2_A,L,13,Blank,,,,,,,,,,
IAD39777_2_A,L,14,Blank,,,,,,,,,,
IAD39777_2_A,L,15,Blank,,,,,,,,,,
IAD39777_2_A,L,16,Blank,,,,,,,,,,
IAD39777_2_A,L,17,Blank,,,,,,,,,,
IAD39777_2_A,L,18,Blank,,,,,,,,,,
IAD39777_2_A,L,19,Blank,,,,,,,,,,
IAD39777_2_A,L,20,Blank,,,,,,,,,,
IAD39777_2_A,L,21,Blank,,,,,,,,,,
IAD39777_2_A,L,22,Blank,,,,,,,,,,
IAD39777_2_A,L,23,Blank,,,,,,,,,,
IAD39777_2_A,L,24,Blank,,,,,,,,,,
IAD39777_2_A,M,1,Blank,,,,,,,,,,
IAD39777_2_A,M,2,Blank,,,,,,,,,,
IAD39777_2_A,M,3,Blank,,,,,,,,,,
IAD39777_2_A,M,4,Blank,,,,,,,,,,
IAD39777_2_A,M,5,Blank,,,,,,,,,,
IAD39777_2_A,M,6,Blank,,,,,,,,,,
IAD39777_2_A,M,7,Blank,,,,,,,,,,
IAD39777_2_A,M,8,Blank,,,,,,,,,,
IAD39777_2_A,M,9,Blank,,,,,,,,,,
IAD39777_2_A,M,10,Blank,,,,,,,,,,
IAD39777_2_A,M,11,Blank,,,,,,,,,,
IAD39777_2_A,M,12,Blank,,,,,,,,,,
IAD39777_2_A,M,13,Blank,,,,,,,,,,
IAD39777_2_A,M,14,Blank,,,,,,,,,,
IAD39777_2_A,M,15,Blank,,,,,,,,,,
IAD39777_2_A,M,16,Blank,,,,,,,,,,
IAD39777_2_A,M,17,Blank,,,,,,,,,,
IAD39777_2_A,M,18,Blank,,,,,,,,,,
IAD39777_2_A,M,19,Blank,,,,,,,,,,
IAD39777_2_A,M,20,Blank,,,,,,,,,,
IAD39777_2_A,M,21,Blank,,,,,,,,,,
IAD39777_2_A,M,22,Blank,,,,,,,,,,
IAD39777_2_A,M,23,Blank,,,,,,,,,,
IAD39777_2_A,M,24,Blank,,,,,,,,,,
IAD39777_2_A,N,1,Blank,,,,,,,,,,
IAD39777_2_A,N,2,Blank,,,,,,,,,,
IAD39777_2_A,N,3,Blank,,,,,,,,,,
IAD39777_2_A,N,4,Blank,,,,,,,,,,
IAD39777_2_A,N,5,Blank,,,,,,,,,,
IAD39777_2_A,N,6,Blank,,,,,,,,,,
IAD39777_2_A,N,7,Blank,,,,,,,,,,
IAD39777_2_A,N,8,Blank,,,,,,,,,,
IAD39777_2_A,N,9,Blank,,,,,,,,,,
IAD39777_2_A,N,10,Blank,,,,,,,,,,
IAD39777_2_A,N,11,Blank,,,,,,,,,,
IAD39777_2_A,N,12,Blank,,,,,,,,,,
IAD39777_2_A,N,13,Blank,,,,,,,,,,
IAD39777_2_A,N,14,Blank,,,,,,,,,,
IAD39777_2_A,N,15,Blank,,,,,,,,,,
IAD39777_2_A,N,16,Blank,,,,,,,,,,
IAD39777_2_A,N,17,Blank,,,,,,,,,,
IAD39777_2_A,N,18,Blank,,,,,,,,,,
IAD39777_2_A,N,19,Blank,,,,,,,,,,
IAD39777_2_A,N,20,Blank,,,,,,,,,,
IAD39777_2_A,N,21,Blank,,,,,,,,,,
IAD39777_2_A,N,22,Blank,,,,,,,,,,
IAD39777_2_A,N,23,Blank,,,,,,,,,,
IAD39777_2_A,N,24,Blank,,,,,,,,,,
IAD39777_2_A,O,1,Blank,,,,,,,,,,
IAD39777_2_A,O,2,Blank,,,,,,,,,,
IAD39777_2_A,O,3,Blank,,,,,,,,,,
IAD39777_2_A,O,4,Blank,,,,,,,,,,
IAD39777_2_A,O,5,Blank,,,,,,,,,,
IAD39777_2_A,O,6,Blank,,,,,,,,,,
IAD39777_2_A,O,7,Blank,,,,,,,,,,
IAD39777_2_A,O,8,Blank,,,,,,,,,,
IAD39777_2_A,O,9,Blank,,,,,,,,,,
IAD39777_2_A,O,10,Blank,,,,,,,,,,
IAD39777_2_A,O,11,Blank,,,,,,,,,,
IAD39777_2_A,O,12,Blank,,,,,,,,,,
IAD39777_2_A,O,13,Blank,,,,,,,,,,
IAD39777_2_A,O,14,Blank,,,,,,,,,,
IAD39777_2_A,O,15,Blank,,,,,,,,,,
IAD39777_2_A,O,16,Blank,,,,,,,,,,
IAD39777_2_A,O,17,Blank,,,,,,,,,,
IAD39777_2_A,O,18,Blank,,,,,,,,,,
IAD39777_2_A,O,19,Blank,,,,,,,,,,
IAD39777_2_A,O,20,Blank,,,,,,,,,,
IAD39777_2_A,O,21,Blank,,,,,,,,,,
IAD39777_2_A,O,22,Blank,,,,,,,,,,
IAD39777_2_A,O,23,Blank,,,,,,,,,,
IAD39777_2_A,O,24,Blank,,,,,,,,,,
IAD39777_2_A,P,1,Blank,,,,,,,,,,
IAD39777_2_A,P,2,Blank,,,,,,,,,,
IAD39777_2_A,P,3,Blank,,,,,,,,,,
IAD39777_2_A,P,4,Blank,,,,,,,,,,
IAD39777_2_A,P,5,Blank,,,,,,,,,,
IAD39777_2_A,P,6,Blank,,,,,,,,,,
IAD39777_2_A,P,7,Blank,,,,,,,,,,
IAD39777_2_A,P,8,Blank,,,,,,,,,,
IAD39777_2_A,P,9,Blank,,,,,,,,,,
IAD39777_2_A,P,10,Blank,,,,,,,,,,
IAD39777_2_A,P,11,Blank,,,,,,,,,,
IAD39777_2_A,P,12,Blank,,,,,,,,,,
IAD39777_2_A,P,13,Blank,,,,,,,,,,
IAD39777_2_A,P,14,Blank,,,,,,,,,,
IAD39777_2_A,P,15,Blank,,,,,,,,,,
IAD39777_2_A,P,16,Blank,,,,,,,,,,
IAD39777_2_A,P,17,Blank,,,,,,,,,,
IAD39777_2_A,P,18,Blank,,,,,,,,,,
IAD39777_2_A,P,19,Blank,,,,,,,,,,
IAD39777_2_A,P,20,Blank,,,,,,,,,,
IAD39777_2_A,P,21,Blank,,,,,,,,,,
IAD39777_2_A,P,22,Blank,,,,,,,,,,
IAD39777_2_A,P,23,Blank,,,,,,,,,,
IAD39777_2_A,P,24,Blank,,,,,,,,,,
