,,,,,,,,,,,,,
,,,,,,,,,,,,,
,,,,,,,,,,,,,
,,,,,,,,,,,,,
,,,,,,,,,,,,,
,,,,,,,,,,,,,
,,,,,,,,,,,,,
,,,,,,,,,,,,,
# AmpliSeq_Version=1.2.6,,,,,,,,,,,,,
# Total_Amplicons=172,,,,,,,,,,,,,
# Num_Pools=2,,,,,,,,,,,,,
# Pool1=86_amplicons,,,,,,,,,,,,,
# Pool2=86_amplicons,,,,,,,,,,,,,
# * primer sequences are manufactured specifically for use with the Ion AmpliSeq Kits and contain proprietary modifications.,,,,,,,,,,,,,
384Well_PlateID,384Well_Row,384Well_Col,Amplicon_ID,Ion_AmpliSeq_Fwd_Primer*,Ion_AmpliSeq_Rev_Primer*,LineItem_Type,Gene_Symbol,Genome_Version,Chr,Amplicon_Start,Insert_Start,Insert_Stop,Amplicon_Stop
IAD30284_Pool1_A,A,1,AMPL467096662,GCAATGTGAAAATGTTTACTCACCAACA,TGAGTATCGCACATTCACTGTCATAC,GENOME_REGION,CFTR exon 19,hg19,chr7,117250525,117250553,117250723,117250749
IAD30284_Pool1_A,A,2,Blank,.,.,,,,,,,,
IAD30284_Pool1_A,A,3,AMPL467212996,TGTAGCACAATGAGAGTATAAAGTAGATGTAAT,CCTCCCAGAAGGCTGTTACATTC,GENOME_REGION,CFTR exon 9,hg19,chr7,117181981,117182014,117182137,117182160
IAD30284_Pool1_A,A,4,Blank,.,.,,,,,,,,
IAD30284_Pool1_A,A,5,AMPL467561353,CTTTGCAAGTGGCACTCCTC,GCATAGAGCAGTCCTGGTTTTACTAAA,GENOME_REGION,CFTR exon 6,hg19,chr7,117175336,117175356,117175523,117175550
IAD30284_Pool1_A,A,6,Blank,.,.,,,,,,,,
IAD30284_Pool1_A,A,7,AMPL467632467,GGCCATGTGCTTTTCAAACTAATTGT,GACAGGAGTACCAAGAAGTGAGAAATT,GENOME_REGION,CFTR exon 10,hg19,chr7,117188581,117188607,117188778,117188805
IAD30284_Pool1_A,A,8,Blank,.,.,,,,,,,,
IAD30284_Pool1_A,A,9,AMPL467656796,GGTTGCTGGATCCACTGGAG,CACCCATACATTCTCCTAATGCTCAT,GENOME_REGION,CFTR exon 10,hg19,chr7,117188850,117188870,117188979,117189005
IAD30284_Pool1_A,A,10,Blank,.,.,,,,,,,,
IAD30284_Pool1_A,A,11,AMPL468048766,CGATCTGTGAGCCGAGTCTTTA,TCATCTTTCTTCACGTGTGAATTCTCAA,GENOME_REGION,CFTR exon 22,hg19,chr7,117267579,117267601,117267684,117267712
IAD30284_Pool1_A,A,12,Blank,.,.,,,,,,,,
IAD30284_Pool1_A,A,13,AMPL468091028,CACTAGATGACCAGGAAATAGAGAGGAA,CAATCTATGATGGGACAGTCTGTCT,GENOME_REGION,CFTR exon 13,hg19,chr7,117230350,117230378,117230543,117230568
IAD30284_Pool1_A,A,14,Blank,.,.,,,,,,,,
IAD30284_Pool1_A,A,15,AMPL468172695,TCAGGGTTCTTTGTGGTGTTTTTATCT,TGCTCCAAGAGAGTCATACCATGT,GENOME_REGION,CFTR exon 8,hg19,chr7,117180221,117180248,117180361,117180385
IAD30284_Pool1_A,A,16,Blank,.,.,,,,,,,,
IAD30284_Pool1_A,A,17,AMPL468703966,CTCTGTGAACACAGGATAGAAGCA,GTTGCAATTTGCAGGAACTATCACAT,GENOME_REGION,CFTR exon 26,hg19,chr7,117305571,117305595,117305680,117305706
IAD30284_Pool1_A,A,18,Blank,.,.,,,,,,,,
IAD30284_Pool1_A,A,19,AMPL468748906,GCTGTCAAGCCGTGTTCTAGATAAAATA,ACTCCGCCTTTCCAGTTGTATAATTT,GENOME_REGION,CFTR exon 5,hg19,chr7,117174338,117174366,117174460,117174486
IAD30284_Pool1_A,A,20,Blank,.,.,,,,,,,,
IAD30284_Pool1_A,A,21,AMPL468874944,CAGTGAAAGACTTGTGATTACCTCAGAAA,GAGGTGGAAGTCTACCATGATAAACAT,GENOME_REGION,CFTR exon 7,hg19,chr7,117176623,117176652,117176786,117176813
IAD30284_Pool1_A,A,22,Blank,.,.,,,,,,,,
IAD30284_Pool1_A,A,23,AMPL468922661,CCTGTCTCCTGGACAGAAACAAAA,TCCCTGCTCAGAATCTGGTACT,GENOME_REGION,CFTR exon 14,hg19,chr7,117232247,117232271,117232434,117232456
IAD30284_Pool1_A,A,24,Blank,.,.,,,,,,,,
IAD30284_Pool1_A,B,1,Blank,.,.,,,,,,,,
IAD30284_Pool1_A,B,2,Blank,.,.,,,,,,,,
IAD30284_Pool1_A,B,3,Blank,.,.,,,,,,,,
IAD30284_Pool1_A,B,4,Blank,.,.,,,,,,,,
IAD30284_Pool1_A,B,5,Blank,.,.,,,,,,,,
IAD30284_Pool1_A,B,6,Blank,.,.,,,,,,,,
IAD30284_Pool1_A,B,7,Blank,.,.,,,,,,,,
IAD30284_Pool1_A,B,8,Blank,.,.,,,,,,,,
IAD30284_Pool1_A,B,9,Blank,.,.,,,,,,,,
IAD30284_Pool1_A,B,10,Blank,.,.,,,,,,,,
IAD30284_Pool1_A,B,11,Blank,.,.,,,,,,,,
IAD30284_Pool1_A,B,12,Blank,.,.,,,,,,,,
IAD30284_Pool1_A,B,13,Blank,.,.,,,,,,,,
IAD30284_Pool1_A,B,14,Blank,.,.,,,,,,,,
IAD30284_Pool1_A,B,15,Blank,.,.,,,,,,,,
IAD30284_Pool1_A,B,16,Blank,.,.,,,,,,,,
IAD30284_Pool1_A,B,17,Blank,.,.,,,,,,,,
IAD30284_Pool1_A,B,18,Blank,.,.,,,,,,,,
IAD30284_Pool1_A,B,19,Blank,.,.,,,,,,,,
IAD30284_Pool1_A,B,20,Blank,.,.,,,,,,,,
IAD30284_Pool1_A,B,21,Blank,.,.,,,,,,,,
IAD30284_Pool1_A,B,22,Blank,.,.,,,,,,,,
IAD30284_Pool1_A,B,23,Blank,.,.,,,,,,,,
IAD30284_Pool1_A,B,24,Blank,.,.,,,,,,,,
IAD30284_Pool1_A,C,1,AMPL469147322,TGACTACATGGAACACATACCTTCGATA,TGTATACATCCCCAAACTATCTTAATTTAACTT,GENOME_REGION,CFTR exon 15,hg19,chr7,117235021,117235049,117235148,117235181
IAD30284_Pool1_A,C,2,Blank,.,.,,,,,,,,
IAD30284_Pool1_A,C,3,AMPL469324749,GCTTCCTATGACCCGGATAACAA,GTACGATACAGAATATATGTGCCATGGG,GENOME_REGION,CFTR exon 4,hg19,chr7,117170998,117171021,117171189,117171217
IAD30284_Pool1_A,C,4,Blank,.,.,,,,,,,,
IAD30284_Pool1_A,C,5,AMPL469390256,GAAATCCAGATCGATGGTGTGTCT,TATGAGAAAACTGCACTGGAGAAAAA,GENOME_REGION,CFTR exon 23,hg19,chr7,117282570,117282594,117282768,117282794
IAD30284_Pool1_A,C,6,Blank,.,.,,,,,,,,
IAD30284_Pool1_A,C,7,AMPL469846525,CAAGCAAGTGCAAGTCTAAGCC,GCTCCAATTCCATGAGCAAATGTC,GENOME_REGION,CFTR exon 27,hg19,chr7,117307083,117307105,117307186,117307210
IAD30284_Pool1_A,C,8,Blank,.,.,,,,,,,,
IAD30284_Pool1_A,C,9,AMPL469937071,GGTTGGGCTCAGATCTGTGAT,TTCCCACTGTGCTATTAAGTAACAGAAC,GENOME_REGION,CFTR exon 25,hg19,chr7,117304741,117304762,117304927,117304955
IAD30284_Pool1_A,C,10,Blank,.,.,,,,,,,,
IAD30284_Pool1_A,C,11,AMPL476533235,AAACTTGGATCCCTATGAACAGTGG,TCCAGTCAAAAGTACCTGTTGCT,GENOME_REGION,CFTR exon 24,hg19,chr7,117292928,117292953,117293126,117293149
IAD30284_Pool1_A,C,12,Blank,.,.,,,,,,,,
IAD30284_Pool1_A,C,13,AMPL478031510,GCAGAGCATTGAATTCTGCCAAATA,TGAAGCCAGCTCTCTATCCCATT,GENOME_REGION,CFTR exon 3,hg19,chr7,117148895,117148920,117149089,117149112
IAD30284_Pool1_A,C,14,Blank,.,.,,,,,,,,
IAD30284_Pool1_A,C,15,AMPL492300506,CTCCCCATGATGTTTAGAAACACAACTA,CCTGGACAATACTAACCCTGATTTCC,GENOME_REGION,CFTR exon 27,hg19,chr7,117307639,117307667,117307801,117307827
IAD30284_Pool1_A,C,16,Blank,.,.,,,,,,,,
IAD30284_Pool1_A,C,17,AMPL493118173,GCCAGCGTTGTCTCCAAACT,AAAACTGCTTATTCCTTTACCCCAA,GENOME_REGION,CFTR exon 1,hg19,chr7,117120173,117120193,117120274,117120299
IAD30284_Pool1_A,C,18,Blank,.,.,,,,,,,,
IAD30284_Pool1_A,C,19,AMPL497229850,GAATGAGAGACACACTGAAGAAGCA,TCATAGAAATACTAGTGCCATAAAAAGTCAATA,GENOME_REGION,CFTR exon 27,hg19,chr7,117308194,117308219,117308385,117308418
IAD30284_Pool1_A,C,20,Blank,.,.,,,,,,,,
IAD30284_Pool1_A,C,21,AMPL497774927,GGACACTGATATGGGTCTTGATAAATGG,TCTTCTCCAACACTACAAATTAACGAGTT,GENOME_REGION,CFTR exon 27,hg19,chr7,117307326,117307354,117307519,117307548
IAD30284_Pool1_A,C,22,Blank,.,.,,,,,,,,
IAD30284_Pool1_A,C,23,AMPL556199792,CTGGTAACTATGGATTTCCCCTCTTAC,GAGGCCCATGCATCAACAAC,GENOME_REGION,GALT,hg19,chr9,34647700,34647727,34647898,34647918
IAD30284_Pool1_A,C,24,Blank,.,.,,,,,,,,
IAD30284_Pool1_A,D,1,Blank,.,.,,,,,,,,
IAD30284_Pool1_A,D,2,Blank,.,.,,,,,,,,
IAD30284_Pool1_A,D,3,Blank,.,.,,,,,,,,
IAD30284_Pool1_A,D,4,Blank,.,.,,,,,,,,
IAD30284_Pool1_A,D,5,Blank,.,.,,,,,,,,
IAD30284_Pool1_A,D,6,Blank,.,.,,,,,,,,
IAD30284_Pool1_A,D,7,Blank,.,.,,,,,,,,
IAD30284_Pool1_A,D,8,Blank,.,.,,,,,,,,
IAD30284_Pool1_A,D,9,Blank,.,.,,,,,,,,
IAD30284_Pool1_A,D,10,Blank,.,.,,,,,,,,
IAD30284_Pool1_A,D,11,Blank,.,.,,,,,,,,
IAD30284_Pool1_A,D,12,Blank,.,.,,,,,,,,
IAD30284_Pool1_A,D,13,Blank,.,.,,,,,,,,
IAD30284_Pool1_A,D,14,Blank,.,.,,,,,,,,
IAD30284_Pool1_A,D,15,Blank,.,.,,,,,,,,
IAD30284_Pool1_A,D,16,Blank,.,.,,,,,,,,
IAD30284_Pool1_A,D,17,Blank,.,.,,,,,,,,
IAD30284_Pool1_A,D,18,Blank,.,.,,,,,,,,
IAD30284_Pool1_A,D,19,Blank,.,.,,,,,,,,
IAD30284_Pool1_A,D,20,Blank,.,.,,,,,,,,
IAD30284_Pool1_A,D,21,Blank,.,.,,,,,,,,
IAD30284_Pool1_A,D,22,Blank,.,.,,,,,,,,
IAD30284_Pool1_A,D,23,Blank,.,.,,,,,,,,
IAD30284_Pool1_A,D,24,Blank,.,.,,,,,,,,
IAD30284_Pool1_A,E,1,AMPL556343103,TGGTCAGGAGGGAGTTGACTT,GCATATTTCCTCTGTCCCATCCATTA,GENOME_REGION,GALT,hg19,chr9,34648049,34648070,34648240,34648266
IAD30284_Pool1_A,E,2,Blank,.,.,,,,,,,,
IAD30284_Pool1_A,E,3,AMPL556370172,CCCTGGGCTCAACTCATTTGA,CCCATTCCTCATGTAGAAAGACTGA,GENOME_REGION,PAH exon 8,hg19,chr12,103245392,103245413,103245591,103245616
IAD30284_Pool1_A,E,4,Blank,.,.,,,,,,,,
IAD30284_Pool1_A,E,5,AMPL556385351,CTAGGCACTGGATGGAGGTTG,ACGTCTCAAAGAGGTTGTCATACTTG,GENOME_REGION,GALT,hg19,chr9,34648919,34648940,34649025,34649051
IAD30284_Pool1_A,E,6,Blank,.,.,,,,,,,,
IAD30284_Pool1_A,E,7,AMPL556424352,GGGAAAGACAGTCTTCGATTACTGAG,TCTCCAAATGGTGCCCTTCA,GENOME_REGION,PAH exon 12,hg19,chr12,103234117,103234143,103234318,103234338
IAD30284_Pool1_A,E,8,Blank,.,.,,,,,,,,
IAD30284_Pool1_A,E,9,AMPL569736509,CGCCTGGAGCTCTTCGT,CCTGCCCCATCACTGGT,GENOME_REGION,CYP21A1P,hg19,chr6,31975994,31976011,31976168,31976185
IAD30284_Pool1_A,E,10,Blank,.,.,,,,,,,,
IAD30284_Pool1_A,E,11,AMPL569738926,GGTCCTGGCCAGCCTCTA,CCAGCCTCCACCACATTTTCAT,GENOME_REGION,CYP21A1P,hg19,chr6,31975675,31975693,31975838,31975860
IAD30284_Pool1_A,E,12,Blank,.,.,,,,,,,,
IAD30284_Pool1_A,E,13,AMPL569743668,TGGAGGGACATGATGGACTACAT,CTTGTCCCCAGGACGCA,GENOME_REGION,CYP21A2,hg19,chr6,32007803,32007826,32007983,32008000
IAD30284_Pool1_A,E,14,Blank,.,.,,,,,,,,
IAD30284_Pool1_A,E,15,AMPL569771076,GGTGGGAAGGCACCTGA,GGAGCTTCCACCAGTTCCA,GENOME_REGION,CYP21A1P,hg19,chr6,31973346,31973363,31973522,31973541
IAD30284_Pool1_A,E,16,Blank,.,.,,,,,,,,
IAD30284_Pool1_A,E,17,AMPL569777773,CCTCCACCTCCTGCCTCTT,CACATCTGGGAGACAGCCA,GENOME_REGION,CYP21A1P,hg19,chr6,31973546,31973565,31973750,31973769
IAD30284_Pool1_A,E,18,Blank,.,.,,,,,,,,
IAD30284_Pool1_A,E,19,AMPL569793612,GGTCCTGGCCAGCCTCTA,CAGCCTCCACCACATTTTCAC,GENOME_REGION,CYP21A2,hg19,chr6,32008410,32008428,32008573,32008594
IAD30284_Pool1_A,E,20,Blank,.,.,,,,,,,,
IAD30284_Pool1_A,E,21,AMPL569807803,AGCCCGCTCCTTTCACC,TGTGCAAGTGCCCTTCCA,GENOME_REGION,CYP21A1P,hg19,chr6,31975021,31975038,31975139,31975157
IAD30284_Pool1_A,E,22,Blank,.,.,,,,,,,,
IAD30284_Pool1_A,E,23,AMPL569876406,TCCACCTCCCGCCTCTT,ATCAGCCTCTCACCTTGCAG,GENOME_REGION,CYP21A2,hg19,chr6,32006282,32006299,32006394,32006414
IAD30284_Pool1_A,E,24,Blank,.,.,,,,,,,,
IAD30284_Pool1_A,F,1,Blank,.,.,,,,,,,,
IAD30284_Pool1_A,F,2,Blank,.,.,,,,,,,,
IAD30284_Pool1_A,F,3,Blank,.,.,,,,,,,,
IAD30284_Pool1_A,F,4,Blank,.,.,,,,,,,,
IAD30284_Pool1_A,F,5,Blank,.,.,,,,,,,,
IAD30284_Pool1_A,F,6,Blank,.,.,,,,,,,,
IAD30284_Pool1_A,F,7,Blank,.,.,,,,,,,,
IAD30284_Pool1_A,F,8,Blank,.,.,,,,,,,,
IAD30284_Pool1_A,F,9,Blank,.,.,,,,,,,,
IAD30284_Pool1_A,F,10,Blank,.,.,,,,,,,,
IAD30284_Pool1_A,F,11,Blank,.,.,,,,,,,,
IAD30284_Pool1_A,F,12,Blank,.,.,,,,,,,,
IAD30284_Pool1_A,F,13,Blank,.,.,,,,,,,,
IAD30284_Pool1_A,F,14,Blank,.,.,,,,,,,,
IAD30284_Pool1_A,F,15,Blank,.,.,,,,,,,,
IAD30284_Pool1_A,F,16,Blank,.,.,,,,,,,,
IAD30284_Pool1_A,F,17,Blank,.,.,,,,,,,,
IAD30284_Pool1_A,F,18,Blank,.,.,,,,,,,,
IAD30284_Pool1_A,F,19,Blank,.,.,,,,,,,,
IAD30284_Pool1_A,F,20,Blank,.,.,,,,,,,,
IAD30284_Pool1_A,F,21,Blank,.,.,,,,,,,,
IAD30284_Pool1_A,F,22,Blank,.,.,,,,,,,,
IAD30284_Pool1_A,F,23,Blank,.,.,,,,,,,,
IAD30284_Pool1_A,F,24,Blank,.,.,,,,,,,,
IAD30284_Pool1_A,G,1,AMPL570334446,CTCTCCTCACCTGCAGCATC,GTTGTCCTCCTGCCAGGAAA,GENOME_REGION,CYP21A1P,hg19,chr6,31974446,31974466,31974575,31974595
IAD30284_Pool1_A,G,2,Blank,.,.,,,,,,,,
IAD30284_Pool1_A,G,3,AMPL570348570,CGCCTGGAGCTCTTCGT,CTGCCCCATCACTGGCT,GENOME_REGION,CYP21A2,hg19,chr6,32008729,32008746,32008902,32008919
IAD30284_Pool1_A,G,4,Blank,.,.,,,,,,,,
IAD30284_Pool1_A,G,5,AMPL570395247,CCTGAACTGAAAGTACTCCCTCCTT,TGAGAAAGGGAATCACGTCCAC,GENOME_REGION,CYP21A2,hg19,chr6,32007289,32007314,32007400,32007422
IAD30284_Pool1_A,G,6,Blank,.,.,,,,,,,,
IAD30284_Pool1_A,G,7,AMPL570562416,GAGGACCTGGAGCCTAGACA,GGCCGTCCACACACAGTC,GENOME_REGION,CYP21A1P,hg19,chr6,31974691,31974711,31974881,31974899
IAD30284_Pool1_A,G,8,Blank,.,.,,,,,,,,
IAD30284_Pool1_A,G,9,AMPL570683433,CTGTCGTTGGTCTCTGCTCT,CCTCAGGAGCCCAGCCTTA,GENOME_REGION,CYP21A1P,hg19,chr6,31974172,31974192,31974290,31974309
IAD30284_Pool1_A,G,10,Blank,.,.,,,,,,,,
IAD30284_Pool1_A,G,11,AMPL570891051,GGTGGGCAGCAGCTCAG,CTGGGAGCCACCTCCTT,GENOME_REGION,CYP21A1P,hg19,chr6,31976378,31976395,31976557,31976574
IAD30284_Pool1_A,G,12,Blank,.,.,,,,,,,,
IAD30284_Pool1_A,G,13,AMPL570985432,GGTGGGCAGCAGCTCAG,TGCTGGGAGCTACCTCCTTAA,GENOME_REGION,CYP21A2,hg19,chr6,32009113,32009130,32009290,32009311
IAD30284_Pool1_A,G,14,Blank,.,.,,,,,,,,
IAD30284_Pool1_A,G,15,AMPL612959905,TCTTCAGTGGATTAAGCGTGAATATGTT,ACACTCAGAACCCATCATAGGATACA,GENOME_REGION,"CFTR intron 3 (dele2,3)",hg19,chr7,117159305,117159333,117159503,117159529
IAD30284_Pool1_A,G,16,Blank,.,.,,,,,,,,
IAD30284_Pool1_A,G,17,AMPL612960517,CAGTTGACTTGTCATCTTGATTTCTGG,CTCCCTGAGAATGTTGGATCAAGATAAA,GENOME_REGION,CFTR intron 22 3849+10kbC>T,hg19,chr7,117279927,117279954,117280114,117280142
IAD30284_Pool1_A,G,18,Blank,.,.,,,,,,,,
IAD30284_Pool1_A,G,19,AMPL623736840,CTTTTCTTCTGCTTCCCTTGCC,GTGTCTGGTAGGGCCATGTT,GENOME_REGION,GALT,hg19,chr9,34648671,34648693,34648811,34648831
IAD30284_Pool1_A,G,20,Blank,.,.,,,,,,,,
IAD30284_Pool1_A,G,21,AMPL623749092,GGTAGGTGAATCCCCAGTACGA,ACTGGGTCCTGAGGTAAAGGAG,GENOME_REGION,GALT,hg19,chr9,34647484,34647506,34647639,34647661
IAD30284_Pool1_A,G,22,Blank,.,.,,,,,,,,
IAD30284_Pool1_A,G,23,AMPL623762017,TTTGCCCCTTGACAGGTATGG,TTTACACACCTCTCTCATGGGATAAGA,GENOME_REGION,GALT,hg19,chr9,34648316,34648337,34648497,34648524
IAD30284_Pool1_A,G,24,Blank,.,.,,,,,,,,
IAD30284_Pool1_A,H,1,Blank,.,.,,,,,,,,
IAD30284_Pool1_A,H,2,Blank,.,.,,,,,,,,
IAD30284_Pool1_A,H,3,Blank,.,.,,,,,,,,
IAD30284_Pool1_A,H,4,Blank,.,.,,,,,,,,
IAD30284_Pool1_A,H,5,Blank,.,.,,,,,,,,
IAD30284_Pool1_A,H,6,Blank,.,.,,,,,,,,
IAD30284_Pool1_A,H,7,Blank,.,.,,,,,,,,
IAD30284_Pool1_A,H,8,Blank,.,.,,,,,,,,
IAD30284_Pool1_A,H,9,Blank,.,.,,,,,,,,
IAD30284_Pool1_A,H,10,Blank,.,.,,,,,,,,
IAD30284_Pool1_A,H,11,Blank,.,.,,,,,,,,
IAD30284_Pool1_A,H,12,Blank,.,.,,,,,,,,
IAD30284_Pool1_A,H,13,Blank,.,.,,,,,,,,
IAD30284_Pool1_A,H,14,Blank,.,.,,,,,,,,
IAD30284_Pool1_A,H,15,Blank,.,.,,,,,,,,
IAD30284_Pool1_A,H,16,Blank,.,.,,,,,,,,
IAD30284_Pool1_A,H,17,Blank,.,.,,,,,,,,
IAD30284_Pool1_A,H,18,Blank,.,.,,,,,,,,
IAD30284_Pool1_A,H,19,Blank,.,.,,,,,,,,
IAD30284_Pool1_A,H,20,Blank,.,.,,,,,,,,
IAD30284_Pool1_A,H,21,Blank,.,.,,,,,,,,
IAD30284_Pool1_A,H,22,Blank,.,.,,,,,,,,
IAD30284_Pool1_A,H,23,Blank,.,.,,,,,,,,
IAD30284_Pool1_A,H,24,Blank,.,.,,,,,,,,
IAD30284_Pool1_A,I,1,AMPL623764571,CCACTGTCCGGAAATTCATGGT,GTTTTCTGCCTTGTGCAATGACT,GENOME_REGION,GALT,hg19,chr9,34649491,34649513,34649646,34649669
IAD30284_Pool1_A,I,2,Blank,.,.,,,,,,,,
IAD30284_Pool1_A,I,3,AMPL623770850,ACTTCCTGAGGTTCATTACCACCT,CCAAATTCCAGGCCAGGATTCA,GENOME_REGION,GALT,hg19,chr9,34650386,34650410,34650517,34650539
IAD30284_Pool1_A,I,4,Blank,.,.,,,,,,,,
IAD30284_Pool1_A,I,5,AMPL648144397,TTTTTATATCTTAAAGCTGTGTCTGTAAACTGA,TGGCTGTAGATTTTGGAGTTCTGAAA,GENOME_REGION,CFTR exon 14,hg19,chr7,117231972,117232005,117232109,117232135
IAD30284_Pool1_A,I,6,Blank,.,.,,,,,,,,
IAD30284_Pool1_A,I,7,AMPL658783041,TGGTTTTCTGTACCCACCACTTTTAA,TCATAGAGTGTGCTCTCAGATTGACT,GENOME_REGION,PAH exon 10,hg19,chr12,103238058,103238084,103238220,103238246
IAD30284_Pool1_A,I,8,Blank,.,.,,,,,,,,
IAD30284_Pool1_A,I,9,AMPL658804790,TCAACTGGATGAGGGCAAGG,CCCCATTCAAAGCATTCATAAAGGT,GENOME_REGION,PAH exon 5,hg19,chr12,103260295,103260315,103260494,103260519
IAD30284_Pool1_A,I,10,Blank,.,.,,,,,,,,
IAD30284_Pool1_A,I,11,AMPL659619504,GCACCAATGTCATGCCTCAAG,CTGCGTTAGTTCCAGTGACTGT,GENOME_REGION,PAH exon 3,hg19,chr12,103288554,103288575,103288725,103288747
IAD30284_Pool1_A,I,12,Blank,.,.,,,,,,,,
IAD30284_Pool1_A,I,13,AMPL661570029,GCATCCAGTTCCGCTCCATAG,CCCACTTCTGATCTCAGCAAGG,GENOME_REGION,PAH exon 4,hg19,chr12,103271250,103271271,103271384,103271406
IAD30284_Pool1_A,I,14,Blank,.,.,,,,,,,,
IAD30284_Pool1_A,I,15,AMPL663100272,CAGAGCTAGTGGCTCACCTT,GGGAATACTGATCCTGATTTAACAGTGA,GENOME_REGION,PAH exon 11,hg19,chr12,103237390,103237410,103237584,103237612
IAD30284_Pool1_A,I,16,Blank,.,.,,,,,,,,
IAD30284_Pool1_A,I,17,AMPL663779199,CAGACTTCTTACTGAGCTTATGAAACCA,GCCTGTACCTGAGGCCCTAA,GENOME_REGION,PAH exon 1,hg19,chr12,103310740,103310768,103310940,103310960
IAD30284_Pool1_A,I,18,Blank,.,.,,,,,,,,
IAD30284_Pool1_A,I,19,AMPL712350278,AGAGGGTAAAATTAAGCACAGTGGAAG,TAGTGTGAAGGGTTCATATGCATAATCA,GENOME_REGION,CFTR exon 11,hg19,chr7,117199559,117199586,117199733,117199761
IAD30284_Pool1_A,I,20,Blank,.,.,,,,,,,,
IAD30284_Pool1_A,I,21,AMPL712394111,CAGGTCCCTGGAAGCTCTT,GCTTTCCAGAGCAGGGAGTAG,GENOME_REGION,CYP21A2,hg19,chr6,32006742,32006761,32006913,32006934
IAD30284_Pool1_A,I,22,Blank,.,.,,,,,,,,
IAD30284_Pool1_A,I,23,AMPL712468205,CCCAGGGTTCACAGCTGTTC,GCGTTGCTGAGGATCGGTTC,GENOME_REGION,GALT,hg19,chr9,34646523,34646543,34646714,34646734
IAD30284_Pool1_A,I,24,Blank,.,.,,,,,,,,
IAD30284_Pool1_A,J,1,Blank,.,.,,,,,,,,
IAD30284_Pool1_A,J,2,Blank,.,.,,,,,,,,
IAD30284_Pool1_A,J,3,Blank,.,.,,,,,,,,
IAD30284_Pool1_A,J,4,Blank,.,.,,,,,,,,
IAD30284_Pool1_A,J,5,Blank,.,.,,,,,,,,
IAD30284_Pool1_A,J,6,Blank,.,.,,,,,,,,
IAD30284_Pool1_A,J,7,Blank,.,.,,,,,,,,
IAD30284_Pool1_A,J,8,Blank,.,.,,,,,,,,
IAD30284_Pool1_A,J,9,Blank,.,.,,,,,,,,
IAD30284_Pool1_A,J,10,Blank,.,.,,,,,,,,
IAD30284_Pool1_A,J,11,Blank,.,.,,,,,,,,
IAD30284_Pool1_A,J,12,Blank,.,.,,,,,,,,
IAD30284_Pool1_A,J,13,Blank,.,.,,,,,,,,
IAD30284_Pool1_A,J,14,Blank,.,.,,,,,,,,
IAD30284_Pool1_A,J,15,Blank,.,.,,,,,,,,
IAD30284_Pool1_A,J,16,Blank,.,.,,,,,,,,
IAD30284_Pool1_A,J,17,Blank,.,.,,,,,,,,
IAD30284_Pool1_A,J,18,Blank,.,.,,,,,,,,
IAD30284_Pool1_A,J,19,Blank,.,.,,,,,,,,
IAD30284_Pool1_A,J,20,Blank,.,.,,,,,,,,
IAD30284_Pool1_A,J,21,Blank,.,.,,,,,,,,
IAD30284_Pool1_A,J,22,Blank,.,.,,,,,,,,
IAD30284_Pool1_A,J,23,Blank,.,.,,,,,,,,
IAD30284_Pool1_A,J,24,Blank,.,.,,,,,,,,
IAD30284_Pool1_A,K,1,AMPL807051270,GAAGGTTGGAACGCTCATCC,GGGCAGACAGTCAAGATCAGT,GENOME_REGION,GALT,hg19,chr9,34646861,34646881,34647060,34647081
IAD30284_Pool1_A,K,2,Blank,.,.,,,,,,,,
IAD30284_Pool1_A,K,3,AMPL807062547,CCCCAGCTTCTGAAGACAGT,GGTGGGATATGACCCAGAAGGAG,GENOME_REGION,GALT,hg19,chr9,34647178,34647198,34647343,34647366
IAD30284_Pool1_A,K,4,Blank,.,.,,,,,,,,
IAD30284_Pool1_A,K,5,AMPL811140534,GCTAATGTATTTCTAAGGCAGTGAGAGG,ACATTTATGATGCAGCAGATGTTGACTA,GENOME_REGION,PAH exon 13,hg19,chr12,103232035,103232063,103232227,103232255
IAD30284_Pool1_A,K,6,Blank,.,.,,,,,,,,
IAD30284_Pool1_A,K,7,AMPL811145968,TGACCCCAAAAGATTTACCATTATGCT,GTGAATCTGTTGATGGAGATCCAACTAT,GENOME_REGION,PAH exon 13,hg19,chr12,103232739,103232766,103232895,103232923
IAD30284_Pool1_A,K,8,Blank,.,.,,,,,,,,
IAD30284_Pool1_A,K,9,AMPL811148683,GGGATTAGGTGCAGAGTTTTATTACC,GTCAGAAGCCCATTAAAATAGTTACAAGC,GENOME_REGION,PAH exon 13,hg19,chr12,103232317,103232343,103232419,103232448
IAD30284_Pool1_A,K,10,Blank,.,.,,,,,,,,
IAD30284_Pool1_A,K,11,AMPL811598314,GGCCATAGAGAAGAGGGATCACAT,GGAGTACAGAGTGGCAACAGG,GENOME_REGION,CYP21A2,hg19,chr6,32007561,32007585,32007715,32007736
IAD30284_Pool1_A,K,12,Blank,.,.,,,,,,,,
IAD30284_Pool1_A,K,13,AMPL812248025,TGCTTTCATACTTGCCTCCACAT,TGCTATGAGTACAATCACATTTTTCCAC,GENOME_REGION,PAH exon 6,hg19,chr12,103248811,103248834,103248985,103249013
IAD30284_Pool1_A,K,14,Blank,.,.,,,,,,,,
IAD30284_Pool1_A,K,15,AMPL812522983,CACAGTAACGCCCCTCGT,TCCCGGAAGTGCCTAAACC,GENOME_REGION,PAH exon 1,hg19,chr12,103311056,103311074,103311261,103311280
IAD30284_Pool1_A,K,16,Blank,.,.,,,,,,,,
IAD30284_Pool1_A,K,17,AMPL868057489,AGACCTGAGCCACTTACCTGTA,CCCCCAAGAGCTTCCAGTG,GENOME_REGION,CYP21A1P,hg19,chr6,31973836,31973858,31974019,31974038
IAD30284_Pool1_A,K,18,Blank,.,.,,,,,,,,
IAD30284_Pool1_A,K,19,AMPL868122714,GGTGGTGCTGAACTCCAAGA,AAGGTGGCTCACACTTGAGG,GENOME_REGION,CYP21A2,hg19,chr6,32006503,32006523,32006705,32006725
IAD30284_Pool1_A,K,20,Blank,.,.,,,,,,,,
IAD30284_Pool1_A,K,21,AMPL868334943,GGTGGGCACCCTCACTCA,GTTCGTGGTCTAGCTCCTCCTA,GENOME_REGION,CYP21A1P,hg19,chr6,31975299,31975317,31975462,31975484
IAD30284_Pool1_A,K,22,Blank,.,.,,,,,,,,
IAD30284_Pool1_A,K,23,AMPL868433204,GCAGCTGACCCAGGAGTT,TCTCCGAAGGTGAGGTAACAGA,GENOME_REGION,CYP21A2,hg19,chr6,32007001,32007019,32007202,32007224
IAD30284_Pool1_A,K,24,Blank,.,.,,,,,,,,
IAD30284_Pool1_A,L,1,Blank,.,.,,,,,,,,
IAD30284_Pool1_A,L,2,Blank,.,.,,,,,,,,
IAD30284_Pool1_A,L,3,Blank,.,.,,,,,,,,
IAD30284_Pool1_A,L,4,Blank,.,.,,,,,,,,
IAD30284_Pool1_A,L,5,Blank,.,.,,,,,,,,
IAD30284_Pool1_A,L,6,Blank,.,.,,,,,,,,
IAD30284_Pool1_A,L,7,Blank,.,.,,,,,,,,
IAD30284_Pool1_A,L,8,Blank,.,.,,,,,,,,
IAD30284_Pool1_A,L,9,Blank,.,.,,,,,,,,
IAD30284_Pool1_A,L,10,Blank,.,.,,,,,,,,
IAD30284_Pool1_A,L,11,Blank,.,.,,,,,,,,
IAD30284_Pool1_A,L,12,Blank,.,.,,,,,,,,
IAD30284_Pool1_A,L,13,Blank,.,.,,,,,,,,
IAD30284_Pool1_A,L,14,Blank,.,.,,,,,,,,
IAD30284_Pool1_A,L,15,Blank,.,.,,,,,,,,
IAD30284_Pool1_A,L,16,Blank,.,.,,,,,,,,
IAD30284_Pool1_A,L,17,Blank,.,.,,,,,,,,
IAD30284_Pool1_A,L,18,Blank,.,.,,,,,,,,
IAD30284_Pool1_A,L,19,Blank,.,.,,,,,,,,
IAD30284_Pool1_A,L,20,Blank,.,.,,,,,,,,
IAD30284_Pool1_A,L,21,Blank,.,.,,,,,,,,
IAD30284_Pool1_A,L,22,Blank,.,.,,,,,,,,
IAD30284_Pool1_A,L,23,Blank,.,.,,,,,,,,
IAD30284_Pool1_A,L,24,Blank,.,.,,,,,,,,
IAD30284_Pool1_A,M,1,AMPL1314131500,TCAGTAAGTAACTTTGGCTGCCAAAT,GTCGGCTACTCCCACGTAAA,GENOME_REGION,CFTR exon 17,hg19,chr7,117243536,117243562,117243680,117243700
IAD30284_Pool1_A,M,2,Blank,.,.,,,,,,,,
IAD30284_Pool1_A,M,3,AMPL1316862546,TTTCCATATGCCAGAAAAGTTGAATAGT,CAGAAGGGATTTGGTATATGTCTGACAA,GENOME_REGION,CFTR exon 2,hg19,chr7,117144213,117144241,117144352,117144380
IAD30284_Pool1_A,M,4,Blank,.,.,,,,,,,,
IAD30284_Pool1_A,M,5,AMPL1316863746,AATTTAATGTGATATGTGCCCTAGGAGA,CTTACCAAGCTATCCACATCTATGCT,GENOME_REGION,CFTR exon 21,hg19,chr7,117254568,117254596,117254746,117254772
IAD30284_Pool1_A,M,6,Blank,.,.,,,,,,,,
IAD30284_Pool1_A,M,7,AMPL1325115211,TCTTATTTGGGTTCTGAATGCGTCTAC,GCAGAAGGTCATCCAAAATTGCTATATCT,GENOME_REGION,CFTR exon 18,hg19,chr7,117246615,117246642,117246752,117246781
IAD30284_Pool1_A,M,8,Blank,.,.,,,,,,,,
IAD30284_Pool1_A,M,9,AMPL1350926839,CAGTCTGTCCTGAACCTGATGA,GTGAAATACCCCCAAGCGATG,GENOME_REGION,CFTR exon 14,hg19,chr7,117232520,117232542,117232720,117232741
IAD30284_Pool1_A,M,10,Blank,.,.,,,,,,,,
IAD30284_Pool1_A,M,11,AMPL1371818357,ACTGCAACCTCAAAGGAGCAA,CCCTTTTACAGTTATCCAGGTTAGCAC,GENOME_REGION,GALT,hg19,chr9,34649148,34649169,34649344,34649371
IAD30284_Pool1_A,M,12,Blank,.,.,,,,,,,,
IAD30284_Pool1_A,M,13,AMPL1371818429,CCCTGATAGTTTCCCATAACAACCT,CGGCCGATGGTATGGAGT,GENOME_REGION,GALT,hg19,chr9,34649782,34649807,34649982,34650000
IAD30284_Pool1_A,M,14,Blank,.,.,,,,,,,,
IAD30284_Pool1_A,M,15,AMPL1371819731,GGACAAGCAAAAGGCTCCTTC,TGCAGTCGCTGCTGAATCT,GENOME_REGION,CYP21A2,hg19,chr6,32007994,32008015,32008180,32008199
IAD30284_Pool1_A,M,16,Blank,.,.,,,,,,,,
IAD30284_Pool1_A,M,17,AMPL1380948433,CACCTTTTGGTCTGGAGGGAAG,TGAGAAGGCAGTGTACCCTTGA,GENOME_REGION,CFTR exon 27,hg19,chr7,117308481,117308503,117308608,117308630
IAD30284_Pool1_A,M,18,Blank,.,.,,,,,,,,
IAD30284_Pool1_A,M,19,AMPL1380948435,GTGCGTAGTGGGTGGAGAAA,GACCTACTACTCTGGGTGCCT,GENOME_REGION,CFTR exon 1,hg19,chr7,117119880,117119900,117120067,117120088
IAD30284_Pool1_A,M,20,Blank,.,.,,,,,,,,
IAD30284_Pool1_A,M,21,AMPL1425597489,CACAGTTGATGTGGAACCAGAAAG,CTGCTGTGTAGACTGTTTTGGG,GENOME_REGION,CYP21A2,hg19,chr6,32005913,32005937,32006115,32006137
IAD30284_Pool1_A,M,22,Blank,.,.,,,,,,,,
IAD30284_Pool1_A,M,23,AMPL1486226181,TGATATGCCTTTTCCCAACTCCAG,CCTGAAAACATACCACCATCAACCTATA,GENOME_REGION,CFTR exon 27,hg19,chr7,117307935,117307959,117308128,117308156
IAD30284_Pool1_A,M,24,Blank,.,.,,,,,,,,
IAD30284_Pool1_A,N,1,Blank,.,.,,,,,,,,
IAD30284_Pool1_A,N,2,Blank,.,.,,,,,,,,
IAD30284_Pool1_A,N,3,Blank,.,.,,,,,,,,
IAD30284_Pool1_A,N,4,Blank,.,.,,,,,,,,
IAD30284_Pool1_A,N,5,Blank,.,.,,,,,,,,
IAD30284_Pool1_A,N,6,Blank,.,.,,,,,,,,
IAD30284_Pool1_A,N,7,Blank,.,.,,,,,,,,
IAD30284_Pool1_A,N,8,Blank,.,.,,,,,,,,
IAD30284_Pool1_A,N,9,Blank,.,.,,,,,,,,
IAD30284_Pool1_A,N,10,Blank,.,.,,,,,,,,
IAD30284_Pool1_A,N,11,Blank,.,.,,,,,,,,
IAD30284_Pool1_A,N,12,Blank,.,.,,,,,,,,
IAD30284_Pool1_A,N,13,Blank,.,.,,,,,,,,
IAD30284_Pool1_A,N,14,Blank,.,.,,,,,,,,
IAD30284_Pool1_A,N,15,Blank,.,.,,,,,,,,
IAD30284_Pool1_A,N,16,Blank,.,.,,,,,,,,
IAD30284_Pool1_A,N,17,Blank,.,.,,,,,,,,
IAD30284_Pool1_A,N,18,Blank,.,.,,,,,,,,
IAD30284_Pool1_A,N,19,Blank,.,.,,,,,,,,
IAD30284_Pool1_A,N,20,Blank,.,.,,,,,,,,
IAD30284_Pool1_A,N,21,Blank,.,.,,,,,,,,
IAD30284_Pool1_A,N,22,Blank,.,.,,,,,,,,
IAD30284_Pool1_A,N,23,Blank,.,.,,,,,,,,
IAD30284_Pool1_A,N,24,Blank,.,.,,,,,,,,
IAD30284_Pool1_A,O,1,AMPL1489330457,AGGAGTCCAATTTTCACTCATCTTGT,AGGTAACAGCAATGAAGAAGATGACAAA,GENOME_REGION,CFTR exon 20,hg19,chr7,117251637,117251663,117251813,117251841
IAD30284_Pool1_A,O,2,Blank,.,.,,,,,,,,
IAD30284_Pool1_A,O,3,AMPL1497161003,AACTTCATAGGTTACGATTTATATTAAGCCCAA,ATCAGTAATCTGTCGCATTTCATCAAGA,GENOME_REGION,PAH exon 13,hg19,chr12,103232519,103232552,103232666,103232694
IAD30284_Pool1_A,O,4,Blank,.,.,,,,,,,,
IAD30284_Pool1_A,O,5,Blank,.,.,,,,,,,,
IAD30284_Pool1_A,O,6,Blank,.,.,,,,,,,,
IAD30284_Pool1_A,O,7,Blank,.,.,,,,,,,,
IAD30284_Pool1_A,O,8,Blank,.,.,,,,,,,,
IAD30284_Pool1_A,O,9,Blank,.,.,,,,,,,,
IAD30284_Pool1_A,O,10,Blank,.,.,,,,,,,,
IAD30284_Pool1_A,O,11,Blank,.,.,,,,,,,,
IAD30284_Pool1_A,O,12,Blank,.,.,,,,,,,,
IAD30284_Pool1_A,O,13,Blank,.,.,,,,,,,,
IAD30284_Pool1_A,O,14,Blank,.,.,,,,,,,,
IAD30284_Pool1_A,O,15,Blank,.,.,,,,,,,,
IAD30284_Pool1_A,O,16,Blank,.,.,,,,,,,,
IAD30284_Pool1_A,O,17,Blank,.,.,,,,,,,,
IAD30284_Pool1_A,O,18,Blank,.,.,,,,,,,,
IAD30284_Pool1_A,O,19,Blank,.,.,,,,,,,,
IAD30284_Pool1_A,O,20,Blank,.,.,,,,,,,,
IAD30284_Pool1_A,O,21,Blank,.,.,,,,,,,,
IAD30284_Pool1_A,O,22,Blank,.,.,,,,,,,,
IAD30284_Pool1_A,O,23,Blank,.,.,,,,,,,,
IAD30284_Pool1_A,O,24,Blank,.,.,,,,,,,,
IAD30284_Pool1_A,P,1,Blank,.,.,,,,,,,,
IAD30284_Pool1_A,P,2,Blank,.,.,,,,,,,,
IAD30284_Pool1_A,P,3,Blank,.,.,,,,,,,,
IAD30284_Pool1_A,P,4,Blank,.,.,,,,,,,,
IAD30284_Pool1_A,P,5,Blank,.,.,,,,,,,,
IAD30284_Pool1_A,P,6,Blank,.,.,,,,,,,,
IAD30284_Pool1_A,P,7,Blank,.,.,,,,,,,,
IAD30284_Pool1_A,P,8,Blank,.,.,,,,,,,,
IAD30284_Pool1_A,P,9,Blank,.,.,,,,,,,,
IAD30284_Pool1_A,P,10,Blank,.,.,,,,,,,,
IAD30284_Pool1_A,P,11,Blank,.,.,,,,,,,,
IAD30284_Pool1_A,P,12,Blank,.,.,,,,,,,,
IAD30284_Pool1_A,P,13,Blank,.,.,,,,,,,,
IAD30284_Pool1_A,P,14,Blank,.,.,,,,,,,,
IAD30284_Pool1_A,P,15,Blank,.,.,,,,,,,,
IAD30284_Pool1_A,P,16,Blank,.,.,,,,,,,,
IAD30284_Pool1_A,P,17,Blank,.,.,,,,,,,,
IAD30284_Pool1_A,P,18,Blank,.,.,,,,,,,,
IAD30284_Pool1_A,P,19,Blank,.,.,,,,,,,,
IAD30284_Pool1_A,P,20,Blank,.,.,,,,,,,,
IAD30284_Pool1_A,P,21,Blank,.,.,,,,,,,,
IAD30284_Pool1_A,P,22,Blank,.,.,,,,,,,,
IAD30284_Pool1_A,P,23,Blank,.,.,,,,,,,,
IAD30284_Pool1_A,P,24,Blank,.,.,,,,,,,,
IAD30284_Pool2_A,A,1,AMPL467213023,ACTTAACGACTACAGAAGTAGTGATGGA,CCTCCTTCCAGTTCTACCAGTTATATCA,GENOME_REGION,CFTR exon 9,hg19,chr7,117182110,117182138,117182258,117182286
IAD30284_Pool2_A,A,2,Blank,.,.,,,,,,,,
IAD30284_Pool2_A,A,3,AMPL467504527,TGATTACCTAGATTTTAGTGTGCTCAGA,CAACTCCCAGATTAGCCCCAT,GENOME_REGION,CFTR exon 6,hg19,chr7,117175156,117175184,117175355,117175376
IAD30284_Pool2_A,A,4,Blank,.,.,,,,,,,,
IAD30284_Pool2_A,A,5,AMPL467649362,GTGATGACAGCCTCTTCTTCAGT,TGAAGAACAAAAGAACTACCTTGCCT,GENOME_REGION,CFTR exon 10,hg19,chr7,117188756,117188779,117188870,117188896
IAD30284_Pool2_A,A,6,Blank,.,.,,,,,,,,
IAD30284_Pool2_A,A,7,AMPL467692120,AGGAAGATGTGCCTTTCAAATTCAGA,CAGCAAATGCTTGCTAGACCAA,GENOME_REGION,CFTR exon 12,hg19,chr7,117227720,117227746,117227902,117227924
IAD30284_Pool2_A,A,8,Blank,.,.,,,,,,,,
IAD30284_Pool2_A,A,9,AMPL468021362,TTCATTGAAAAGCCCGACAAATAACC,CTTCTGTTGGCATGTCAATGAACT,GENOME_REGION,CFTR exon 22,hg19,chr7,117267437,117267463,117267600,117267624
IAD30284_Pool2_A,A,10,Blank,.,.,,,,,,,,
IAD30284_Pool2_A,A,11,AMPL468184487,GCAATTTCCCTGGGCTGTACAA,CGCACATTTTTGCAAAGTTCATTAGAAC,GENOME_REGION,CFTR exon 8,hg19,chr7,117180340,117180362,117180458,117180486
IAD30284_Pool2_A,A,12,Blank,.,.,,,,,,,,
IAD30284_Pool2_A,A,13,AMPL468281303,GGTCCCACTTTTTATTCTTTTGCAGAG,CACCTATTCACCAGATTTCGTAGTCTT,GENOME_REGION,CFTR exon 3,hg19,chr7,117149063,117149090,117149260,117149287
IAD30284_Pool2_A,A,14,Blank,.,.,,,,,,,,
IAD30284_Pool2_A,A,15,AMPL468425396,GATGTGGGCATGGGAGGAATA,CCATAATGCTTGGGAGAAATGAAACAA,GENOME_REGION,CFTR exon 16,hg19,chr7,117242812,117242833,117243009,117243036
IAD30284_Pool2_A,A,16,Blank,.,.,,,,,,,,
IAD30284_Pool2_A,A,17,AMPL468865894,GCCCATCTGTTGAATAAAAGAAATATGACTT,CAGCAGTATGCCTTAACAGATTGGATAT,GENOME_REGION,CFTR exon 7,hg19,chr7,117176489,117176520,117176660,117176688
IAD30284_Pool2_A,A,18,Blank,.,.,,,,,,,,
IAD30284_Pool2_A,A,19,AMPL468866489,AAGGTAGCAGCTATTTTTATGGGACAT,CCCCAAACTCTCCAGTCTGTTTAA,GENOME_REGION,CFTR exon 14,hg19,chr7,117232083,117232110,117232280,117232304
IAD30284_Pool2_A,A,20,Blank,.,.,,,,,,,,
IAD30284_Pool2_A,A,21,AMPL469146556,GCTTAGGATGATAATTGGAGGCAAGT,TCCAGGAAAACTGAGAACAGAATGAAATT,GENOME_REGION,CFTR exon 11,hg19,chr7,117199439,117199465,117199585,117199614
IAD30284_Pool2_A,A,22,Blank,.,.,,,,,,,,
IAD30284_Pool2_A,A,23,AMPL469286737,AAGTCTTGTGTTGAAATTCTCAGGGT,GATAAATCGCGATAGAGCGTTCCT,GENOME_REGION,CFTR exon 4,hg19,chr7,117170875,117170901,117171022,117171046
IAD30284_Pool2_A,A,24,Blank,.,.,,,,,,,,
IAD30284_Pool2_A,B,1,Blank,.,.,,,,,,,,
IAD30284_Pool2_A,B,2,Blank,.,.,,,,,,,,
IAD30284_Pool2_A,B,3,Blank,.,.,,,,,,,,
IAD30284_Pool2_A,B,4,Blank,.,.,,,,,,,,
IAD30284_Pool2_A,B,5,Blank,.,.,,,,,,,,
IAD30284_Pool2_A,B,6,Blank,.,.,,,,,,,,
IAD30284_Pool2_A,B,7,Blank,.,.,,,,,,,,
IAD30284_Pool2_A,B,8,Blank,.,.,,,,,,,,
IAD30284_Pool2_A,B,9,Blank,.,.,,,,,,,,
IAD30284_Pool2_A,B,10,Blank,.,.,,,,,,,,
IAD30284_Pool2_A,B,11,Blank,.,.,,,,,,,,
IAD30284_Pool2_A,B,12,Blank,.,.,,,,,,,,
IAD30284_Pool2_A,B,13,Blank,.,.,,,,,,,,
IAD30284_Pool2_A,B,14,Blank,.,.,,,,,,,,
IAD30284_Pool2_A,B,15,Blank,.,.,,,,,,,,
IAD30284_Pool2_A,B,16,Blank,.,.,,,,,,,,
IAD30284_Pool2_A,B,17,Blank,.,.,,,,,,,,
IAD30284_Pool2_A,B,18,Blank,.,.,,,,,,,,
IAD30284_Pool2_A,B,19,Blank,.,.,,,,,,,,
IAD30284_Pool2_A,B,20,Blank,.,.,,,,,,,,
IAD30284_Pool2_A,B,21,Blank,.,.,,,,,,,,
IAD30284_Pool2_A,B,22,Blank,.,.,,,,,,,,
IAD30284_Pool2_A,B,23,Blank,.,.,,,,,,,,
IAD30284_Pool2_A,B,24,Blank,.,.,,,,,,,,
IAD30284_Pool2_A,C,1,AMPL469294494,TTGATGGTAAGTACATGGGTGTTTCTT,TCTGCAACTTTCCATATTTCTTGATCACT,GENOME_REGION,CFTR exon 24,hg19,chr7,117292762,117292789,117292952,117292981
IAD30284_Pool2_A,C,2,Blank,.,.,,,,,,,,
IAD30284_Pool2_A,C,3,AMPL469322657,TGGCATGGTACCTATATGTCACAGA,CACTGTTGCAAAGTTATTGAATCCCA,GENOME_REGION,CFTR exon 23,hg19,chr7,117282440,117282465,117282593,117282619
IAD30284_Pool2_A,C,4,Blank,.,.,,,,,,,,
IAD30284_Pool2_A,C,5,AMPL469688358,GCCTTCTGTCCCAGATCTCACT,GTCTCCTCTTTCAGAGCAGCAAT,GENOME_REGION,CFTR exon 27,hg19,chr7,117306923,117306945,117307108,117307131
IAD30284_Pool2_A,C,6,Blank,.,.,,,,,,,,
IAD30284_Pool2_A,C,7,AMPL474961767,ATTTCATGCTATCAGAATTCACAAGGT,TCCTAGTTTTGTTAGCCATCAGTTTACAG,GENOME_REGION,CFTR exon 14,hg19,chr7,117231798,117231825,117231993,117232022
IAD30284_Pool2_A,C,8,Blank,.,.,,,,,,,,
IAD30284_Pool2_A,C,9,AMPL492210713,AGCCTAGTTGATCAGCTTATTGTCTAGT,TGAGATAGTTGGAATGCTTAGCAAACAA,GENOME_REGION,CFTR exon 27,hg19,chr7,117307490,117307518,117307668,117307696
IAD30284_Pool2_A,C,10,Blank,.,.,,,,,,,,
IAD30284_Pool2_A,C,11,AMPL497497076,GAGAGCAGCATAAATGTTGACATGG,TCACACAATTTGACTATTGCCAGGAA,GENOME_REGION,CFTR exon 27,hg19,chr7,117307162,117307187,117307354,117307380
IAD30284_Pool2_A,C,12,Blank,.,.,,,,,,,,
IAD30284_Pool2_A,C,13,AMPL556186951,GAAAAGAACATGGAAGTTTGCTACGAC,AGGAATGAATTGCTAAACTGTGGAAAAT,GENOME_REGION,PAH exon 2,hg19,chr12,103306509,103306536,103306705,103306733
IAD30284_Pool2_A,C,14,Blank,.,.,,,,,,,,
IAD30284_Pool2_A,C,15,AMPL556296474,TTTATAGAACAGAACTGAAACTGACTCGG,CCTTTGATTAGTGCATAGGGAAGCA,GENOME_REGION,CFTR exon 8,hg19,chr7,117180147,117180176,117180248,117180273
IAD30284_Pool2_A,C,16,Blank,.,.,,,,,,,,
IAD30284_Pool2_A,C,17,AMPL556350401,CTCATTGTGCCTGGCAACTG,TCAGTGGTGATGAGCTTTGAGTTT,GENOME_REGION,PAH exon 7,hg19,chr12,103246551,103246571,103246749,103246773
IAD30284_Pool2_A,C,18,Blank,.,.,,,,,,,,
IAD30284_Pool2_A,C,19,AMPL569735623,GGGCCTGCCATGAAAATGT,CAGCAGTCGGGTCAGCA,GENOME_REGION,CYP21A1P,hg19,chr6,31975830,31975849,31976012,31976029
IAD30284_Pool2_A,C,20,Blank,.,.,,,,,,,,
IAD30284_Pool2_A,C,21,AMPL569737895,GGCCAGAACCAGTGATGGG,TCTCTCGCACCCCAGTATGA,GENOME_REGION,CYP21A1P,hg19,chr6,31976162,31976181,31976357,31976377
IAD30284_Pool2_A,C,22,Blank,.,.,,,,,,,,
IAD30284_Pool2_A,C,23,AMPL569740889,GTTCTTTTGCATACCCCAGTTATGG,TGCACGTGCCCTTCCAG,GENOME_REGION,CYP21A2,hg19,chr6,32007690,32007715,32007874,32007891
IAD30284_Pool2_A,C,24,Blank,.,.,,,,,,,,
IAD30284_Pool2_A,D,1,Blank,.,.,,,,,,,,
IAD30284_Pool2_A,D,2,Blank,.,.,,,,,,,,
IAD30284_Pool2_A,D,3,Blank,.,.,,,,,,,,
IAD30284_Pool2_A,D,4,Blank,.,.,,,,,,,,
IAD30284_Pool2_A,D,5,Blank,.,.,,,,,,,,
IAD30284_Pool2_A,D,6,Blank,.,.,,,,,,,,
IAD30284_Pool2_A,D,7,Blank,.,.,,,,,,,,
IAD30284_Pool2_A,D,8,Blank,.,.,,,,,,,,
IAD30284_Pool2_A,D,9,Blank,.,.,,,,,,,,
IAD30284_Pool2_A,D,10,Blank,.,.,,,,,,,,
IAD30284_Pool2_A,D,11,Blank,.,.,,,,,,,,
IAD30284_Pool2_A,D,12,Blank,.,.,,,,,,,,
IAD30284_Pool2_A,D,13,Blank,.,.,,,,,,,,
IAD30284_Pool2_A,D,14,Blank,.,.,,,,,,,,
IAD30284_Pool2_A,D,15,Blank,.,.,,,,,,,,
IAD30284_Pool2_A,D,16,Blank,.,.,,,,,,,,
IAD30284_Pool2_A,D,17,Blank,.,.,,,,,,,,
IAD30284_Pool2_A,D,18,Blank,.,.,,,,,,,,
IAD30284_Pool2_A,D,19,Blank,.,.,,,,,,,,
IAD30284_Pool2_A,D,20,Blank,.,.,,,,,,,,
IAD30284_Pool2_A,D,21,Blank,.,.,,,,,,,,
IAD30284_Pool2_A,D,22,Blank,.,.,,,,,,,,
IAD30284_Pool2_A,D,23,Blank,.,.,,,,,,,,
IAD30284_Pool2_A,D,24,Blank,.,.,,,,,,,,
IAD30284_Pool2_A,E,1,AMPL569741665,CTTGTCCTGAACTGAAAGTACTCCA,CCCAGCCTCTCCCCTACAA,GENOME_REGION,CYP21A1P,hg19,chr6,31974548,31974573,31974718,31974737
IAD30284_Pool2_A,E,2,Blank,.,.,,,,,,,,
IAD30284_Pool2_A,E,3,AMPL569744325,GTGCACATGGCTGCAGT,TTGCTGGGAAGGAGCCTTT,GENOME_REGION,CYP21A2,hg19,chr6,32007887,32007904,32008002,32008021
IAD30284_Pool2_A,E,4,Blank,.,.,,,,,,,,
IAD30284_Pool2_A,E,5,AMPL569771170,CCCTGACGGGCGTCTTG,TGAGTCAGGCCAAGCAGATAGAT,GENOME_REGION,CYP21A1P,hg19,chr6,31973447,31973464,31973603,31973626
IAD30284_Pool2_A,E,6,Blank,.,.,,,,,,,,
IAD30284_Pool2_A,E,7,AMPL569774125,CTCTCCTCACCTGCAGCATC,ATTAAGTTGTCGTCCTGCCAGAA,GENOME_REGION,CYP21A2,hg19,chr6,32007182,32007202,32007313,32007336
IAD30284_Pool2_A,E,8,Blank,.,.,,,,,,,,
IAD30284_Pool2_A,E,9,AMPL569812811,GGCACTTGCACATGGCT,GCCGCACAGTGCTCAGA,GENOME_REGION,CYP21A1P,hg19,chr6,31975146,31975163,31975318,31975335
IAD30284_Pool2_A,E,10,Blank,.,.,,,,,,,,
IAD30284_Pool2_A,E,11,AMPL569874802,CGGTGGGAGGGTACCTGAA,CTCCGGAGCTTCCACCA,GENOME_REGION,CYP21A2,hg19,chr6,32006079,32006098,32006262,32006279
IAD30284_Pool2_A,E,12,Blank,.,.,,,,,,,,
IAD30284_Pool2_A,E,13,AMPL569877865,CCACCTCCCGCCTCTTG,CCACCACATCTGGGAGACAG,GENOME_REGION,CYP21A2,hg19,chr6,32006283,32006300,32006487,32006507
IAD30284_Pool2_A,E,14,Blank,.,.,,,,,,,,
IAD30284_Pool2_A,E,15,AMPL570347519,GGGCCTGCCGTGAAAAT,AGCAGTCGGGTCAGCAC,GENOME_REGION,CYP21A2,hg19,chr6,32008565,32008582,32008746,32008763
IAD30284_Pool2_A,E,16,Blank,.,.,,,,,,,,
IAD30284_Pool2_A,E,17,AMPL570349389,GGGCCAGAGCCAGTGATG,CCTCTCTCGCACCCCAGT,GENOME_REGION,CYP21A2,hg19,chr6,32008896,32008914,32009096,32009114
IAD30284_Pool2_A,E,18,Blank,.,.,,,,,,,,
IAD30284_Pool2_A,E,19,AMPL570761882,CGACTGCAGGAGGAGCTA,CCTGGGCTCGGGCTTTC,GENOME_REGION,CYP21A2,hg19,chr6,32008192,32008210,32008390,32008407
IAD30284_Pool2_A,E,20,Blank,.,.,,,,,,,,
IAD30284_Pool2_A,E,21,AMPL570836129,CCAGATTCAGCAGCGACTGT,CTTTCCTCACTCATCCCCAACC,GENOME_REGION,CYP21A1P,hg19,chr6,31975444,31975464,31975638,31975660
IAD30284_Pool2_A,E,22,Blank,.,.,,,,,,,,
IAD30284_Pool2_A,E,23,AMPL570896514,GCTCCTCCCGTTCCCCTT,GAGCGGCTGGGTGAAATG,GENOME_REGION,CYP21A1P,hg19,chr6,31976540,31976558,31976706,31976724
IAD30284_Pool2_A,E,24,Blank,.,.,,,,,,,,
IAD30284_Pool2_A,F,1,Blank,.,.,,,,,,,,
IAD30284_Pool2_A,F,2,Blank,.,.,,,,,,,,
IAD30284_Pool2_A,F,3,Blank,.,.,,,,,,,,
IAD30284_Pool2_A,F,4,Blank,.,.,,,,,,,,
IAD30284_Pool2_A,F,5,Blank,.,.,,,,,,,,
IAD30284_Pool2_A,F,6,Blank,.,.,,,,,,,,
IAD30284_Pool2_A,F,7,Blank,.,.,,,,,,,,
IAD30284_Pool2_A,F,8,Blank,.,.,,,,,,,,
IAD30284_Pool2_A,F,9,Blank,.,.,,,,,,,,
IAD30284_Pool2_A,F,10,Blank,.,.,,,,,,,,
IAD30284_Pool2_A,F,11,Blank,.,.,,,,,,,,
IAD30284_Pool2_A,F,12,Blank,.,.,,,,,,,,
IAD30284_Pool2_A,F,13,Blank,.,.,,,,,,,,
IAD30284_Pool2_A,F,14,Blank,.,.,,,,,,,,
IAD30284_Pool2_A,F,15,Blank,.,.,,,,,,,,
IAD30284_Pool2_A,F,16,Blank,.,.,,,,,,,,
IAD30284_Pool2_A,F,17,Blank,.,.,,,,,,,,
IAD30284_Pool2_A,F,18,Blank,.,.,,,,,,,,
IAD30284_Pool2_A,F,19,Blank,.,.,,,,,,,,
IAD30284_Pool2_A,F,20,Blank,.,.,,,,,,,,
IAD30284_Pool2_A,F,21,Blank,.,.,,,,,,,,
IAD30284_Pool2_A,F,22,Blank,.,.,,,,,,,,
IAD30284_Pool2_A,F,23,Blank,.,.,,,,,,,,
IAD30284_Pool2_A,F,24,Blank,.,.,,,,,,,,
IAD30284_Pool2_A,G,1,AMPL570976876,CGGACCTGTCCTTGGGAGA,GCCCAGCCTTACCTCACA,GENOME_REGION,CYP21A2,hg19,chr6,32006895,32006914,32007019,32007037
IAD30284_Pool2_A,G,2,Blank,.,.,,,,,,,,
IAD30284_Pool2_A,G,3,AMPL570992917,CATCTGCTCTTCCCGTTCCC,GGTTTCAGCCCCACAGTGTAA,GENOME_REGION,CYP21A2,hg19,chr6,32009270,32009290,32009472,32009493
IAD30284_Pool2_A,G,4,Blank,.,.,,,,,,,,
IAD30284_Pool2_A,G,5,AMPL612960426,GACCACTTTAATGGTGTTTACCTACCTA,CTCTGATTCCACAAGGTATTTAGCAGT,GENOME_REGION,"CFTR intron 1 (dele2,3)",hg19,chr7,117138254,117138282,117138451,117138478
IAD30284_Pool2_A,G,6,Blank,.,.,,,,,,,,
IAD30284_Pool2_A,G,7,AMPL623733836,GAGGGAGCTAGAGAGCTCTGA,ACAGAGGGTTGAGAGGGTCAT,GENOME_REGION,GALT,hg19,chr9,34647038,34647059,34647205,34647226
IAD30284_Pool2_A,G,8,Blank,.,.,,,,,,,,
IAD30284_Pool2_A,G,9,AMPL623737664,CTGTGGACATGGGAACAGGAT,GGCAATATCTGGCAGGAAACTG,GENOME_REGION,GALT,hg19,chr9,34648220,34648241,34648341,34648363
IAD30284_Pool2_A,G,10,Blank,.,.,,,,,,,,
IAD30284_Pool2_A,G,11,AMPL623742865,CCTGGTTGGGTTTGGGAGTAG,TGAGCAAGCATTTCGTAGCCA,GENOME_REGION,GALT,hg19,chr9,34649324,34649345,34649512,34649533
IAD30284_Pool2_A,G,12,Blank,.,.,,,,,,,,
IAD30284_Pool2_A,G,13,AMPL623750282,CTGGTTAGTACTGGTCCCCTTCT,GTCCAGATGCTGACCCTACTG,GENOME_REGION,GALT,hg19,chr9,34648785,34648808,34648943,34648964
IAD30284_Pool2_A,G,14,Blank,.,.,,,,,,,,
IAD30284_Pool2_A,G,15,AMPL623758630,CCTCCATCATGAAGAAGCTCTTGAC,TCCCCCAGCAACTGTTTCAA,GENOME_REGION,GALT,hg19,chr9,34649001,34649026,34649171,34649191
IAD30284_Pool2_A,G,16,Blank,.,.,,,,,,,,
IAD30284_Pool2_A,G,17,AMPL623760758,AAAAATGAAGTCCATGCCACCATTC,GTTGCTGTCTCCCTGTCCTT,GENOME_REGION,GALT,hg19,chr9,34650291,34650316,34650416,34650436
IAD30284_Pool2_A,G,18,Blank,.,.,,,,,,,,
IAD30284_Pool2_A,G,19,AMPL647470059,ATAAAACCACAATGGTGGCATGA,CTGCCAGAAAAATTACTAAGCACCAAAT,GENOME_REGION,CFTR exon 15,hg19,chr7,117234918,117234941,117235082,117235110
IAD30284_Pool2_A,G,20,Blank,.,.,,,,,,,,
IAD30284_Pool2_A,G,21,AMPL647810578,GATCATTACTGTTCTGTGATATTATGTGTGGT,AAAAATTGTTGGCATTCCAGCAT,GENOME_REGION,CFTR exon 26,hg19,chr7,117305463,117305495,117305594,117305617
IAD30284_Pool2_A,G,22,Blank,.,.,,,,,,,,
IAD30284_Pool2_A,G,23,AMPL655136916,ACCAATTTTGAGGAAAGGATACAGACA,ACTAAACAATGTACATGAACATACCTTTCCA,GENOME_REGION,CFTR exon 2,hg19,chr7,117144316,117144343,117144410,117144441
IAD30284_Pool2_A,G,24,Blank,.,.,,,,,,,,
IAD30284_Pool2_A,H,1,Blank,.,.,,,,,,,,
IAD30284_Pool2_A,H,2,Blank,.,.,,,,,,,,
IAD30284_Pool2_A,H,3,Blank,.,.,,,,,,,,
IAD30284_Pool2_A,H,4,Blank,.,.,,,,,,,,
IAD30284_Pool2_A,H,5,Blank,.,.,,,,,,,,
IAD30284_Pool2_A,H,6,Blank,.,.,,,,,,,,
IAD30284_Pool2_A,H,7,Blank,.,.,,,,,,,,
IAD30284_Pool2_A,H,8,Blank,.,.,,,,,,,,
IAD30284_Pool2_A,H,9,Blank,.,.,,,,,,,,
IAD30284_Pool2_A,H,10,Blank,.,.,,,,,,,,
IAD30284_Pool2_A,H,11,Blank,.,.,,,,,,,,
IAD30284_Pool2_A,H,12,Blank,.,.,,,,,,,,
IAD30284_Pool2_A,H,13,Blank,.,.,,,,,,,,
IAD30284_Pool2_A,H,14,Blank,.,.,,,,,,,,
IAD30284_Pool2_A,H,15,Blank,.,.,,,,,,,,
IAD30284_Pool2_A,H,16,Blank,.,.,,,,,,,,
IAD30284_Pool2_A,H,17,Blank,.,.,,,,,,,,
IAD30284_Pool2_A,H,18,Blank,.,.,,,,,,,,
IAD30284_Pool2_A,H,19,Blank,.,.,,,,,,,,
IAD30284_Pool2_A,H,20,Blank,.,.,,,,,,,,
IAD30284_Pool2_A,H,21,Blank,.,.,,,,,,,,
IAD30284_Pool2_A,H,22,Blank,.,.,,,,,,,,
IAD30284_Pool2_A,H,23,Blank,.,.,,,,,,,,
IAD30284_Pool2_A,H,24,Blank,.,.,,,,,,,,
IAD30284_Pool2_A,I,1,AMPL658674329,TGGAAGCCACAGTACTTTTCAAGAA,CCTGCTTGAGACACCTATTTTGTG,GENOME_REGION,PAH exon 6,hg19,chr12,103248961,103248986,103249122,103249146
IAD30284_Pool2_A,I,2,Blank,.,.,,,,,,,,
IAD30284_Pool2_A,I,3,AMPL659377496,GGAGTAGGAAAGTTTCAAAGACCTGA,CAAGTACTAGGTTGGTTCTGTGGTT,GENOME_REGION,PAH exon 9,hg19,chr12,103240595,103240621,103240773,103240798
IAD30284_Pool2_A,I,4,Blank,.,.,,,,,,,,
IAD30284_Pool2_A,I,5,AMPL659599485,TGCTGTTATTTTATGAAGACAGTGTGGA,CCTGCTCTGACAAACATCATCAAGAT,GENOME_REGION,PAH exon 3,hg19,chr12,103288451,103288479,103288574,103288600
IAD30284_Pool2_A,I,6,Blank,.,.,,,,,,,,
IAD30284_Pool2_A,I,7,AMPL659794021,GCTTTTCGGACTTTTTCTGATGAAAGAA,TGAGGACACTTGAAGAGTTTTTGCTTAT,GENOME_REGION,PAH exon 13,hg19,chr12,103232868,103232896,103233035,103233063
IAD30284_Pool2_A,I,8,Blank,.,.,,,,,,,,
IAD30284_Pool2_A,I,9,AMPL661534109,AGTGAACAAGTACATTGCTCCAAGT,GACAGATTTGCCAATCAGATTCTCAG,GENOME_REGION,PAH exon 4,hg19,chr12,103271140,103271165,103271270,103271296
IAD30284_Pool2_A,I,10,Blank,.,.,,,,,,,,
IAD30284_Pool2_A,I,11,AMPL663072267,GGTGGAGAACATGGGAGAGAAA,GAAAGTAAGGTGAGGTGGTGACA,GENOME_REGION,PAH exon 11,hg19,chr12,103237280,103237302,103237409,103237432
IAD30284_Pool2_A,I,12,Blank,.,.,,,,,,,,
IAD30284_Pool2_A,I,13,AMPL807015613,CCACCCACAGGGATAGTGAAC,CGTTGTCAAACAGGAAGGTGCTA,GENOME_REGION,GALT,hg19,chr9,34647323,34647344,34647505,34647528
IAD30284_Pool2_A,I,14,Blank,.,.,,,,,,,,
IAD30284_Pool2_A,I,15,AMPL807033687,GCCTCATGTCGCGCAGT,CTGCAGACTGTACGCCTTGT,GENOME_REGION,GALT,hg19,chr9,34646697,34646714,34646892,34646912
IAD30284_Pool2_A,I,16,Blank,.,.,,,,,,,,
IAD30284_Pool2_A,I,17,AMPL807207246,CAGTCTTGCTGAATTAAGCAGAAAGG,TCTGAAGGTTCACACTCCTCTGA,GENOME_REGION,GALT,hg19,chr9,34650488,34650514,34650595,34650618
IAD30284_Pool2_A,I,18,Blank,.,.,,,,,,,,
IAD30284_Pool2_A,I,19,AMPL811141827,TGAACATTTCCTGAATATCTACCAACCAA,CCCCATAACTTCCAGTATCATTTTCCAA,GENOME_REGION,PAH exon 13,hg19,chr12,103232194,103232223,103232291,103232319
IAD30284_Pool2_A,I,20,Blank,.,.,,,,,,,,
IAD30284_Pool2_A,I,21,AMPL811143696,CTTGAATGAAGCAGGTCCCAAATTTTA,CAGCCTTAAATCCTTTACAAGATGGAGA,GENOME_REGION,PAH exon 13,hg19,chr12,103232635,103232662,103232820,103232848
IAD30284_Pool2_A,I,22,Blank,.,.,,,,,,,,
IAD30284_Pool2_A,I,23,AMPL811148743,GTTCAATGCTTGTAACTATTTTAATGGGCTT,AGGCTAAATGTAAAACACAAGACTGTCA,GENOME_REGION,PAH exon 13,hg19,chr12,103232413,103232444,103232565,103232593
IAD30284_Pool2_A,I,24,Blank,.,.,,,,,,,,
IAD30284_Pool2_A,J,1,Blank,.,.,,,,,,,,
IAD30284_Pool2_A,J,2,Blank,.,.,,,,,,,,
IAD30284_Pool2_A,J,3,Blank,.,.,,,,,,,,
IAD30284_Pool2_A,J,4,Blank,.,.,,,,,,,,
IAD30284_Pool2_A,J,5,Blank,.,.,,,,,,,,
IAD30284_Pool2_A,J,6,Blank,.,.,,,,,,,,
IAD30284_Pool2_A,J,7,Blank,.,.,,,,,,,,
IAD30284_Pool2_A,J,8,Blank,.,.,,,,,,,,
IAD30284_Pool2_A,J,9,Blank,.,.,,,,,,,,
IAD30284_Pool2_A,J,10,Blank,.,.,,,,,,,,
IAD30284_Pool2_A,J,11,Blank,.,.,,,,,,,,
IAD30284_Pool2_A,J,12,Blank,.,.,,,,,,,,
IAD30284_Pool2_A,J,13,Blank,.,.,,,,,,,,
IAD30284_Pool2_A,J,14,Blank,.,.,,,,,,,,
IAD30284_Pool2_A,J,15,Blank,.,.,,,,,,,,
IAD30284_Pool2_A,J,16,Blank,.,.,,,,,,,,
IAD30284_Pool2_A,J,17,Blank,.,.,,,,,,,,
IAD30284_Pool2_A,J,18,Blank,.,.,,,,,,,,
IAD30284_Pool2_A,J,19,Blank,.,.,,,,,,,,
IAD30284_Pool2_A,J,20,Blank,.,.,,,,,,,,
IAD30284_Pool2_A,J,21,Blank,.,.,,,,,,,,
IAD30284_Pool2_A,J,22,Blank,.,.,,,,,,,,
IAD30284_Pool2_A,J,23,Blank,.,.,,,,,,,,
IAD30284_Pool2_A,J,24,Blank,.,.,,,,,,,,
IAD30284_Pool2_A,K,1,AMPL811679394,CAAGCCCCGTCGATTAGACA,GCTTAGAGGTTAACAGAAGGGAAAACAA,GENOME_REGION,PAH exon 1,hg19,chr12,103311242,103311262,103311417,103311445
IAD30284_Pool2_A,K,2,Blank,.,.,,,,,,,,
IAD30284_Pool2_A,K,3,AMPL812518150,GGAGTGAGGTCTCTGGCTTT,CCTCCTGCGTCAGGACAAC,GENOME_REGION,PAH exon 1,hg19,chr12,103310921,103310941,103311077,103311096
IAD30284_Pool2_A,K,4,Blank,.,.,,,,,,,,
IAD30284_Pool2_A,K,5,AMPL844200061,ACCTGAGAAGATAGTAAGCTAGATGAAT,GAAAGGAGACTAACAAGTTGTCCAATACT,GENOME_REGION,CFTR exon 5,hg19,chr7,117174172,117174200,117174365,117174394
IAD30284_Pool2_A,K,6,Blank,.,.,,,,,,,,
IAD30284_Pool2_A,K,7,AMPL868037386,GCTGAACTCCAAGAGGACCAT,CGAAGGTGGCTCCCACTT,GENOME_REGION,CYP21A1P,hg19,chr6,31973775,31973796,31973978,31973996
IAD30284_Pool2_A,K,8,Blank,.,.,,,,,,,,
IAD30284_Pool2_A,K,9,AMPL868037962,GCCCACAGCCAGTGATG,ACCAGGCTCTCCTGCAGA,GENOME_REGION,CYP21A1P,hg19,chr6,31974908,31974925,31975038,31975056
IAD30284_Pool2_A,K,10,Blank,.,.,,,,,,,,
IAD30284_Pool2_A,K,11,AMPL868068403,AGCCACTGGTCCATCCAAATT,GCCTCAGCTGCATCTCCA,GENOME_REGION,CYP21A2,hg19,chr6,32007380,32007401,32007586,32007604
IAD30284_Pool2_A,K,12,Blank,.,.,,,,,,,,
IAD30284_Pool2_A,K,13,AMPL868171912,GACTTCTGCTGCAGAGAGTGATA,GTCTCCAACTCTGGTTTGAAAGTT,GENOME_REGION,GALT,hg19,chr9,34647617,34647640,34647726,34647750
IAD30284_Pool2_A,K,14,Blank,.,.,,,,,,,,
IAD30284_Pool2_A,K,15,AMPL868225358,CTTCCCCAATCCTCCAGGT,TGAGCTTCTTGTGGGCTTTCC,GENOME_REGION,CYP21A1P,hg19,chr6,31974001,31974020,31974191,31974212
IAD30284_Pool2_A,K,16,Blank,.,.,,,,,,,,
IAD30284_Pool2_A,K,17,AMPL868241158,CTGACCCAGGAGTTCTGTGAG,TCTCCGAAGGTGAGGTAACAGT,GENOME_REGION,CYP21A1P,hg19,chr6,31974269,31974290,31974466,31974488
IAD30284_Pool2_A,K,18,Blank,.,.,,,,,,,,
IAD30284_Pool2_A,K,19,AMPL868360804,ACTCATGTCGGTCCCTGAGAT,AGCTCTGTTAGCCAAAAGACACC,GENOME_REGION,GALT,hg19,chr9,34647871,34647892,34648069,34648092
IAD30284_Pool2_A,K,20,Blank,.,.,,,,,,,,
IAD30284_Pool2_A,K,21,AMPL939986921,AGACCTGAGCCACTTACCTGTA,CTGCTTTCTCCCCACCAGATATG,GENOME_REGION,CYP21A2,hg19,chr6,32006570,32006592,32006767,32006790
IAD30284_Pool2_A,K,22,Blank,.,.,,,,,,,,
IAD30284_Pool2_A,K,23,AMPL1317650819,TGTCATCTTGTATATTATAGGTGGGATTCTTAA,ACAGGACTTCAACCCTCAATCAAATAAA,GENOME_REGION,CFTR exon 18,hg19,chr7,117246708,117246741,117246889,117246917
IAD30284_Pool2_A,K,24,Blank,.,.,,,,,,,,
IAD30284_Pool2_A,L,1,Blank,.,.,,,,,,,,
IAD30284_Pool2_A,L,2,Blank,.,.,,,,,,,,
IAD30284_Pool2_A,L,3,Blank,.,.,,,,,,,,
IAD30284_Pool2_A,L,4,Blank,.,.,,,,,,,,
IAD30284_Pool2_A,L,5,Blank,.,.,,,,,,,,
IAD30284_Pool2_A,L,6,Blank,.,.,,,,,,,,
IAD30284_Pool2_A,L,7,Blank,.,.,,,,,,,,
IAD30284_Pool2_A,L,8,Blank,.,.,,,,,,,,
IAD30284_Pool2_A,L,9,Blank,.,.,,,,,,,,
IAD30284_Pool2_A,L,10,Blank,.,.,,,,,,,,
IAD30284_Pool2_A,L,11,Blank,.,.,,,,,,,,
IAD30284_Pool2_A,L,12,Blank,.,.,,,,,,,,
IAD30284_Pool2_A,L,13,Blank,.,.,,,,,,,,
IAD30284_Pool2_A,L,14,Blank,.,.,,,,,,,,
IAD30284_Pool2_A,L,15,Blank,.,.,,,,,,,,
IAD30284_Pool2_A,L,16,Blank,.,.,,,,,,,,
IAD30284_Pool2_A,L,17,Blank,.,.,,,,,,,,
IAD30284_Pool2_A,L,18,Blank,.,.,,,,,,,,
IAD30284_Pool2_A,L,19,Blank,.,.,,,,,,,,
IAD30284_Pool2_A,L,20,Blank,.,.,,,,,,,,
IAD30284_Pool2_A,L,21,Blank,.,.,,,,,,,,
IAD30284_Pool2_A,L,22,Blank,.,.,,,,,,,,
IAD30284_Pool2_A,L,23,Blank,.,.,,,,,,,,
IAD30284_Pool2_A,L,24,Blank,.,.,,,,,,,,
IAD30284_Pool2_A,M,1,AMPL1350926834,AGCACCAGTTCGTATTATGTGTTTTACA,TGGTGGATCAGCAGTTTCATTTCTTAG,GENOME_REGION,CFTR exon 17,hg19,chr7,117243653,117243681,117243850,117243877
IAD30284_Pool2_A,M,2,Blank,.,.,,,,,,,,
IAD30284_Pool2_A,M,3,AMPL1350926835,TTGAGCTGTCAAGGTTGTAAATAGACTT,CAAGCTTCCCAGGAAACTGTTCT,GENOME_REGION,CFTR exon 25,hg19,chr7,117304561,117304589,117304761,117304784
IAD30284_Pool2_A,M,4,Blank,.,.,,,,,,,,
IAD30284_Pool2_A,M,5,AMPL1350926836,AATGGCCAACTCTCGAAAGTTATGATTA,GTCTAACAAAGCAAGCAGTGTTCAAA,GENOME_REGION,CFTR exon 22,hg19,chr7,117267657,117267685,117267830,117267856
IAD30284_Pool2_A,M,6,Blank,.,.,,,,,,,,
IAD30284_Pool2_A,M,7,AMPL1350926838,CCTTTAGAGAGAAGGCTGTCCTT,TTCTGACCTTGGTTAACTGAGTGTG,GENOME_REGION,CFTR exon 14,hg19,chr7,117232412,117232435,117232541,117232566
IAD30284_Pool2_A,M,8,Blank,.,.,,,,,,,,
IAD30284_Pool2_A,M,9,AMPL1371818112,GTCCCTAACTTTCTTATCCCATGAGAGA,GTCAGCAAATAGGCAAGGGAAG,GENOME_REGION,GALT,hg19,chr9,34648487,34648515,34648681,34648703
IAD30284_Pool2_A,M,10,Blank,.,.,,,,,,,,
IAD30284_Pool2_A,M,11,AMPL1371818403,CCTGATACTTCTGTTGCCCTTGTG,AGCTCCTGAGTCCCAAGGAAT,GENOME_REGION,GALT,hg19,chr9,34649619,34649643,34649810,34649831
IAD30284_Pool2_A,M,12,Blank,.,.,,,,,,,,
IAD30284_Pool2_A,M,13,AMPL1380948434,CCACCAGTCTGACTGTTTCCA,AGTGAACGCATCTGAAAACAACAAAG,GENOME_REGION,CFTR exon 27,hg19,chr7,117308588,117308609,117308719,117308745
IAD30284_Pool2_A,M,14,Blank,.,.,,,,,,,,
IAD30284_Pool2_A,M,15,AMPL1380948436,GCAGGTCAGAGAAAAAGGGTTGA,GGCCACCTTCTCACCTGAAAAA,GENOME_REGION,CFTR exon 1,hg19,chr7,117120040,117120063,117120193,117120215
IAD30284_Pool2_A,M,16,Blank,.,.,,,,,,,,
IAD30284_Pool2_A,M,17,AMPL1425598476,CCCTTCTCCCCAGAGATATGTGT,ACCTTCACAGGAACCAAGGATAGAT,GENOME_REGION,PAH exon 10,hg19,chr12,103237891,103237914,103238083,103238108
IAD30284_Pool2_A,M,18,Blank,.,.,,,,,,,,
IAD30284_Pool2_A,M,19,AMPL1486260392,TATTGACTTTTTATGGCACTAGTATTTCTATGA,CTGTGGGCAACAACTGCAT,GENOME_REGION,CFTR exon 27,hg19,chr7,117308386,117308419,117308513,117308532
IAD30284_Pool2_A,M,20,Blank,.,.,,,,,,,,
IAD30284_Pool2_A,M,21,AMPL1486309394,ACACACATGAAGTCCAAGCATTTAGAT,AACAGAAGCATATAAAACTAATTCATGATTGGT,GENOME_REGION,CFTR exon 27,hg19,chr7,117308101,117308128,117308217,117308250
IAD30284_Pool2_A,M,22,Blank,.,.,,,,,,,,
IAD30284_Pool2_A,M,23,AMPL1489275007,CAAAGAATGGCACCAGTGTGAAA,GAAGTGTCCATAGTCCTTTTAAGCTTGTA,GENOME_REGION,CFTR exon 20,hg19,chr7,117251483,117251506,117251662,117251691
IAD30284_Pool2_A,M,24,Blank,.,.,,,,,,,,
IAD30284_Pool2_A,N,1,Blank,.,.,,,,,,,,
IAD30284_Pool2_A,N,2,Blank,.,.,,,,,,,,
IAD30284_Pool2_A,N,3,Blank,.,.,,,,,,,,
IAD30284_Pool2_A,N,4,Blank,.,.,,,,,,,,
IAD30284_Pool2_A,N,5,Blank,.,.,,,,,,,,
IAD30284_Pool2_A,N,6,Blank,.,.,,,,,,,,
IAD30284_Pool2_A,N,7,Blank,.,.,,,,,,,,
IAD30284_Pool2_A,N,8,Blank,.,.,,,,,,,,
IAD30284_Pool2_A,N,9,Blank,.,.,,,,,,,,
IAD30284_Pool2_A,N,10,Blank,.,.,,,,,,,,
IAD30284_Pool2_A,N,11,Blank,.,.,,,,,,,,
IAD30284_Pool2_A,N,12,Blank,.,.,,,,,,,,
IAD30284_Pool2_A,N,13,Blank,.,.,,,,,,,,
IAD30284_Pool2_A,N,14,Blank,.,.,,,,,,,,
IAD30284_Pool2_A,N,15,Blank,.,.,,,,,,,,
IAD30284_Pool2_A,N,16,Blank,.,.,,,,,,,,
IAD30284_Pool2_A,N,17,Blank,.,.,,,,,,,,
IAD30284_Pool2_A,N,18,Blank,.,.,,,,,,,,
IAD30284_Pool2_A,N,19,Blank,.,.,,,,,,,,
IAD30284_Pool2_A,N,20,Blank,.,.,,,,,,,,
IAD30284_Pool2_A,N,21,Blank,.,.,,,,,,,,
IAD30284_Pool2_A,N,22,Blank,.,.,,,,,,,,
IAD30284_Pool2_A,N,23,Blank,.,.,,,,,,,,
IAD30284_Pool2_A,N,24,Blank,.,.,,,,,,,,
IAD30284_Pool2_A,O,1,AMPL1489306062,TCAGGAAAGAGAACTTCCAGATCCT,AAAGGTCTGTGAGCTTGTCACTTT,GENOME_REGION,CFTR exon 27,hg19,chr7,117307777,117307802,117307958,117307982
IAD30284_Pool2_A,O,2,Blank,.,.,,,,,,,,
IAD30284_Pool2_A,O,3,AMPL1524050819,CTGGTTCTTGTACCTGTCAACACT,GCTAAAGTTAATGAGTTCATAGTACCTGTTGT,GENOME_REGION,CFTR exon 20,hg19,chr7,117251759,117251783,117251855,117251887
IAD30284_Pool2_A,O,4,Blank,.,.,,,,,,,,
IAD30284_Pool2_A,O,5,Blank,.,.,,,,,,,,
IAD30284_Pool2_A,O,6,Blank,.,.,,,,,,,,
IAD30284_Pool2_A,O,7,Blank,.,.,,,,,,,,
IAD30284_Pool2_A,O,8,Blank,.,.,,,,,,,,
IAD30284_Pool2_A,O,9,Blank,.,.,,,,,,,,
IAD30284_Pool2_A,O,10,Blank,.,.,,,,,,,,
IAD30284_Pool2_A,O,11,Blank,.,.,,,,,,,,
IAD30284_Pool2_A,O,12,Blank,.,.,,,,,,,,
IAD30284_Pool2_A,O,13,Blank,.,.,,,,,,,,
IAD30284_Pool2_A,O,14,Blank,.,.,,,,,,,,
IAD30284_Pool2_A,O,15,Blank,.,.,,,,,,,,
IAD30284_Pool2_A,O,16,Blank,.,.,,,,,,,,
IAD30284_Pool2_A,O,17,Blank,.,.,,,,,,,,
IAD30284_Pool2_A,O,18,Blank,.,.,,,,,,,,
IAD30284_Pool2_A,O,19,Blank,.,.,,,,,,,,
IAD30284_Pool2_A,O,20,Blank,.,.,,,,,,,,
IAD30284_Pool2_A,O,21,Blank,.,.,,,,,,,,
IAD30284_Pool2_A,O,22,Blank,.,.,,,,,,,,
IAD30284_Pool2_A,O,23,Blank,.,.,,,,,,,,
IAD30284_Pool2_A,O,24,Blank,.,.,,,,,,,,
IAD30284_Pool2_A,P,1,Blank,.,.,,,,,,,,
IAD30284_Pool2_A,P,2,Blank,.,.,,,,,,,,
IAD30284_Pool2_A,P,3,Blank,.,.,,,,,,,,
IAD30284_Pool2_A,P,4,Blank,.,.,,,,,,,,
IAD30284_Pool2_A,P,5,Blank,.,.,,,,,,,,
IAD30284_Pool2_A,P,6,Blank,.,.,,,,,,,,
IAD30284_Pool2_A,P,7,Blank,.,.,,,,,,,,
IAD30284_Pool2_A,P,8,Blank,.,.,,,,,,,,
IAD30284_Pool2_A,P,9,Blank,.,.,,,,,,,,
IAD30284_Pool2_A,P,10,Blank,.,.,,,,,,,,
IAD30284_Pool2_A,P,11,Blank,.,.,,,,,,,,
IAD30284_Pool2_A,P,12,Blank,.,.,,,,,,,,
IAD30284_Pool2_A,P,13,Blank,.,.,,,,,,,,
IAD30284_Pool2_A,P,14,Blank,.,.,,,,,,,,
IAD30284_Pool2_A,P,15,Blank,.,.,,,,,,,,
IAD30284_Pool2_A,P,16,Blank,.,.,,,,,,,,
IAD30284_Pool2_A,P,17,Blank,.,.,,,,,,,,
IAD30284_Pool2_A,P,18,Blank,.,.,,,,,,,,
IAD30284_Pool2_A,P,19,Blank,.,.,,,,,,,,
IAD30284_Pool2_A,P,20,Blank,.,.,,,,,,,,
IAD30284_Pool2_A,P,21,Blank,.,.,,,,,,,,
IAD30284_Pool2_A,P,22,Blank,.,.,,,,,,,,
IAD30284_Pool2_A,P,23,Blank,.,.,,,,,,,,
IAD30284_Pool2_A,P,24,Blank,.,.,,,,,,,,
